LastWriteTimestamp,BatchKeyPath,Guid,BatchValueName,Provider,Enabled,EnabledProperty
7/14/2009 4:49:01 AM +00:00,CMI-CreateHive{2A7FB991-7BBE-4F9D-B91E-7CB51D4737F5}\ControlSet001\Control\WMI\Autologger\EventLog-Application\{01090065-b467-4503-9b28-533766761087},{01090065-b467-4503-9b28-533766761087},Provider,Microsoft-Windows-ParentalControls,1,1
7/14/2009 4:49:01 AM +00:00,CMI-CreateHive{2A7FB991-7BBE-4F9D-B91E-7CB51D4737F5}\ControlSet001\Control\WMI\Autologger\EventLog-Application\{08466062-aed4-4834-8b04-cddb414504e5},{08466062-aed4-4834-8b04-cddb414504e5},Provider,Microsoft-Windows-Security-Audit-Configuration-Client,1,1
7/14/2009 4:49:01 AM +00:00,CMI-CreateHive{2A7FB991-7BBE-4F9D-B91E-7CB51D4737F5}\ControlSet001\Control\WMI\Autologger\EventLog-Application\{0888e5ef-9b98-4695-979d-e92ce4247224},{0888e5ef-9b98-4695-979d-e92ce4247224},Provider,RmClient_RestartManager,1,1
7/14/2009 4:49:01 AM +00:00,CMI-CreateHive{2A7FB991-7BBE-4F9D-B91E-7CB51D4737F5}\ControlSet001\Control\WMI\Autologger\EventLog-Application\{09608c12-c1da-4104-a6fe-b959cf57560a},{09608c12-c1da-4104-a6fe-b959cf57560a},Provider,Microsoft-Windows-WUSA,1,1
7/14/2009 4:49:01 AM +00:00,CMI-CreateHive{2A7FB991-7BBE-4F9D-B91E-7CB51D4737F5}\ControlSet001\Control\WMI\Autologger\EventLog-Application\{09ec9687-d7ad-40ca-9c5e-78a04a5ae993},{09ec9687-d7ad-40ca-9c5e-78a04a5ae993},Provider,Microsoft-Windows-DeviceSync,1,1
7/14/2009 4:49:01 AM +00:00,CMI-CreateHive{2A7FB991-7BBE-4F9D-B91E-7CB51D4737F5}\ControlSet001\Control\WMI\Autologger\EventLog-Application\{0dd4d48e-2bbf-452f-a7ec-ba3dba8407ae},{0dd4d48e-2bbf-452f-a7ec-ba3dba8407ae},Provider,Microsoft-Windows-ActionQueue,1,1
7/14/2009 4:49:01 AM +00:00,CMI-CreateHive{2A7FB991-7BBE-4F9D-B91E-7CB51D4737F5}\ControlSet001\Control\WMI\Autologger\EventLog-Application\{11a75546-3234-465e-bec8-2d301cb501ac},{11a75546-3234-465e-bec8-2d301cb501ac},Provider,Microsoft-Windows-WindowsSystemAssessmentTool,1,1
7/14/2009 4:49:01 AM +00:00,CMI-CreateHive{2A7FB991-7BBE-4F9D-B91E-7CB51D4737F5}\ControlSet001\Control\WMI\Autologger\EventLog-Application\{122ee297-bb47-41ae-b265-1ca8d1886d40},{122ee297-bb47-41ae-b265-1ca8d1886d40},Provider,Microsoft-Windows-LoadPerf,1,1
7/14/2009 4:49:01 AM +00:00,CMI-CreateHive{2A7FB991-7BBE-4F9D-B91E-7CB51D4737F5}\ControlSet001\Control\WMI\Autologger\EventLog-Application\{134ea407-755d-4a93-b8a6-f290cd155023},{134ea407-755d-4a93-b8a6-f290cd155023},Provider,Microsoft-Windows-HomeGroup-ControlPanel,1,1
7/14/2009 4:49:01 AM +00:00,CMI-CreateHive{2A7FB991-7BBE-4F9D-B91E-7CB51D4737F5}\ControlSet001\Control\WMI\Autologger\EventLog-Application\{15a7a4f8-0072-4eab-abad-f98a4d666aed},{15a7a4f8-0072-4eab-abad-f98a4d666aed},Provider,Microsoft-Windows-Dhcp-Client,1,1
7/14/2009 4:49:01 AM +00:00,CMI-CreateHive{2A7FB991-7BBE-4F9D-B91E-7CB51D4737F5}\ControlSet001\Control\WMI\Autologger\EventLog-Application\{1b8b402d-78dc-46fb-bf71-46e64aedf165},{1b8b402d-78dc-46fb-bf71-46e64aedf165},Provider,Microsoft-Windows-RemoteApp and Desktop Connections,1,1
7/14/2009 4:49:01 AM +00:00,CMI-CreateHive{2A7FB991-7BBE-4F9D-B91E-7CB51D4737F5}\ControlSet001\Control\WMI\Autologger\EventLog-Application\{1db28f2e-8f80-4027-8c5a-a11f7f10f62d},{1db28f2e-8f80-4027-8c5a-a11f7f10f62d},Provider,Microsoft-Windows-Backup,1,1
2/5/2025 1:00:46 AM +00:00,CMI-CreateHive{2A7FB991-7BBE-4F9D-B91E-7CB51D4737F5}\ControlSet001\Control\WMI\Autologger\EventLog-Application\{27a8c1e2-eb19-463e-8424-b399df27a216},{27a8c1e2-eb19-463e-8424-b399df27a216},Provider,Microsoft-Windows-TerminalServices-PnPDevices,1,1
11/21/2010 3:46:56 AM +00:00,CMI-CreateHive{2A7FB991-7BBE-4F9D-B91E-7CB51D4737F5}\ControlSet001\Control\WMI\Autologger\EventLog-Application\{28aa95bb-d444-4719-a36f-40462168127e},{28aa95bb-d444-4719-a36f-40462168127e},Provider,Microsoft-Windows-TerminalServices-ClientActiveXCore,1,1
7/14/2009 4:49:01 AM +00:00,CMI-CreateHive{2A7FB991-7BBE-4F9D-B91E-7CB51D4737F5}\ControlSet001\Control\WMI\Autologger\EventLog-Application\{2d318b91-e6e7-4c46-bd04-bfe6db412cf9},{2d318b91-e6e7-4c46-bd04-bfe6db412cf9},Provider,Microsoft-Windows-TZUtil,1,1
7/14/2009 4:49:01 AM +00:00,CMI-CreateHive{2A7FB991-7BBE-4F9D-B91E-7CB51D4737F5}\ControlSet001\Control\WMI\Autologger\EventLog-Application\{314de49f-ce63-4779-ba2b-d616f6963a88},{314de49f-ce63-4779-ba2b-d616f6963a88},Provider,Microsoft-Windows-NCSI,1,1
7/14/2009 4:49:01 AM +00:00,CMI-CreateHive{2A7FB991-7BBE-4F9D-B91E-7CB51D4737F5}\ControlSet001\Control\WMI\Autologger\EventLog-Application\{3663a992-84be-40ea-bba9-90c7ed544222},{3663a992-84be-40ea-bba9-90c7ed544222},Provider,Microsoft-Windows-EFS,1,1
7/14/2009 4:49:01 AM +00:00,CMI-CreateHive{2A7FB991-7BBE-4F9D-B91E-7CB51D4737F5}\ControlSet001\Control\WMI\Autologger\EventLog-Application\{36c23e18-0e66-11d9-bbeb-505054503030},{36c23e18-0e66-11d9-bbeb-505054503030},Provider,Microsoft-Windows-Diagnostics-Networking,1,1
7/14/2009 4:49:01 AM +00:00,CMI-CreateHive{2A7FB991-7BBE-4F9D-B91E-7CB51D4737F5}\ControlSet001\Control\WMI\Autologger\EventLog-Application\{3aa52b8b-6357-4c18-a92e-b53fb177853b},{3aa52b8b-6357-4c18-a92e-b53fb177853b},Provider,Microsoft-Windows-International,1,1
7/14/2009 4:49:01 AM +00:00,CMI-CreateHive{2A7FB991-7BBE-4F9D-B91E-7CB51D4737F5}\ControlSet001\Control\WMI\Autologger\EventLog-Application\{3cc2d4af-da5e-4ed4-bcbe-3cf995940483},{3cc2d4af-da5e-4ed4-bcbe-3cf995940483},Provider,Microsoft-Windows-DirectShow-KernelSupport,1,1
7/14/2009 4:49:01 AM +00:00,CMI-CreateHive{2A7FB991-7BBE-4F9D-B91E-7CB51D4737F5}\ControlSet001\Control\WMI\Autologger\EventLog-Application\{40ab57c2-1c53-4df9-9324-ff7cf898a02c},{40ab57c2-1c53-4df9-9324-ff7cf898a02c},Provider,Microsoft-Windows-Diagnosis-Scheduled,1,1
7/14/2009 4:49:01 AM +00:00,CMI-CreateHive{2A7FB991-7BBE-4F9D-B91E-7CB51D4737F5}\ControlSet001\Control\WMI\Autologger\EventLog-Application\{46098845-8a94-442d-9095-366a6bcfefa9},{46098845-8a94-442d-9095-366a6bcfefa9},Provider,Microsoft-Windows-WLGPA,1,1
2/5/2025 1:00:46 AM +00:00,CMI-CreateHive{2A7FB991-7BBE-4F9D-B91E-7CB51D4737F5}\ControlSet001\Control\WMI\Autologger\EventLog-Application\{4a933674-fb3d-4e8d-b01d-17ee14e91a3e},{4a933674-fb3d-4e8d-b01d-17ee14e91a3e},Provider,Microsoft-Windows-BranchCacheSMB,1,1
7/14/2009 4:49:01 AM +00:00,CMI-CreateHive{2A7FB991-7BBE-4F9D-B91E-7CB51D4737F5}\ControlSet001\Control\WMI\Autologger\EventLog-Application\{4ba32972-6fc5-488a-8368-5da620d05127},{4ba32972-6fc5-488a-8368-5da620d05127},Provider,Microsoft-Windows-Reliability-Analysis-Engine,1,1
7/14/2009 4:49:01 AM +00:00,CMI-CreateHive{2A7FB991-7BBE-4F9D-B91E-7CB51D4737F5}\ControlSet001\Control\WMI\Autologger\EventLog-Application\{4cb314df-c11f-47d7-9c04-65fb0051561b},{4cb314df-c11f-47d7-9c04-65fb0051561b},Provider,Microsoft-Windows-Program-Compatibility-Assistant,1,1
7/14/2009 4:49:01 AM +00:00,CMI-CreateHive{2A7FB991-7BBE-4F9D-B91E-7CB51D4737F5}\ControlSet001\Control\WMI\Autologger\EventLog-Application\{4ef850d8-bf30-4e64-a917-ee21b9be1f0a},{4ef850d8-bf30-4e64-a917-ee21b9be1f0a},Provider,Microsoft-Windows-NetworkAccessProtection,1,1
7/14/2009 4:49:01 AM +00:00,CMI-CreateHive{2A7FB991-7BBE-4F9D-B91E-7CB51D4737F5}\ControlSet001\Control\WMI\Autologger\EventLog-Application\{54164045-7c50-4905-963f-e5bc1eef0cca},{54164045-7c50-4905-963f-e5bc1eef0cca},Provider,Microsoft-Windows-CertificateServicesClient-CertEnroll,1,1
7/14/2009 4:49:01 AM +00:00,CMI-CreateHive{2A7FB991-7BBE-4F9D-B91E-7CB51D4737F5}\ControlSet001\Control\WMI\Autologger\EventLog-Application\{5b0a651a-8807-45cc-9656-7579815b6af0},{5b0a651a-8807-45cc-9656-7579815b6af0},Provider,Microsoft-Windows-RemoteAssistance,1,1
7/14/2009 4:49:01 AM +00:00,CMI-CreateHive{2A7FB991-7BBE-4F9D-B91E-7CB51D4737F5}\ControlSet001\Control\WMI\Autologger\EventLog-Application\{5b93cdfa-5f51-45e0-9fde-296983129e6c},{5b93cdfa-5f51-45e0-9fde-296983129e6c},Provider,LocationNotifications,1,1
3/10/2025 6:02:39 AM +00:00,CMI-CreateHive{2A7FB991-7BBE-4F9D-B91E-7CB51D4737F5}\ControlSet001\Control\WMI\Autologger\EventLog-Application\{5bbca4a8-b209-48dc-a8c7-b23d3e5216fb},{5bbca4a8-b209-48dc-a8c7-b23d3e5216fb},Provider,Microsoft-Windows-CAPI2,1,1
7/14/2009 4:49:01 AM +00:00,CMI-CreateHive{2A7FB991-7BBE-4F9D-B91E-7CB51D4737F5}\ControlSet001\Control\WMI\Autologger\EventLog-Application\{5c9be3e0-3593-4dcd-8f6d-63840923ffee},{5c9be3e0-3593-4dcd-8f6d-63840923ffee},Provider,Microsoft-Windows-Resource-Leak-Diagnostic,1,1
7/14/2009 4:49:01 AM +00:00,CMI-CreateHive{2A7FB991-7BBE-4F9D-B91E-7CB51D4737F5}\ControlSet001\Control\WMI\Autologger\EventLog-Application\{5d896912-022d-40aa-a3a8-4fa5515c76d7},{5d896912-022d-40aa-a3a8-4fa5515c76d7},Provider,Microsoft-Windows-TerminalServices-LocalSessionManager,1,1
7/14/2009 4:49:01 AM +00:00,CMI-CreateHive{2A7FB991-7BBE-4F9D-B91E-7CB51D4737F5}\ControlSet001\Control\WMI\Autologger\EventLog-Application\{5ec13d8e-4b3f-422e-a7e7-3121a1d90c7a},{5ec13d8e-4b3f-422e-a7e7-3121a1d90c7a},Provider,Microsoft-Windows-ApplicationExperienceInfrastructure,1,1
7/14/2009 4:49:01 AM +00:00,CMI-CreateHive{2A7FB991-7BBE-4F9D-B91E-7CB51D4737F5}\ControlSet001\Control\WMI\Autologger\EventLog-Application\{63b530f8-29c9-4880-a5b4-b8179096e7b8},{63b530f8-29c9-4880-a5b4-b8179096e7b8},Provider,Microsoft-Windows-NlaSvc,1,1
7/14/2009 4:49:01 AM +00:00,CMI-CreateHive{2A7FB991-7BBE-4F9D-B91E-7CB51D4737F5}\ControlSet001\Control\WMI\Autologger\EventLog-Application\{63d2bb1d-e39a-41b8-9a3d-52dd06677588},{63d2bb1d-e39a-41b8-9a3d-52dd06677588},Provider,Microsoft-Windows-Shell-AuthUI,1,1
7/14/2009 4:49:01 AM +00:00,CMI-CreateHive{2A7FB991-7BBE-4F9D-B91E-7CB51D4737F5}\ControlSet001\Control\WMI\Autologger\EventLog-Application\{66a5c15c-4f8e-4044-bf6e-71d896038977},{66a5c15c-4f8e-4044-bf6e-71d896038977},Provider,Microsoft-Windows-Iphlpsvc,1,1
7/14/2009 4:49:01 AM +00:00,CMI-CreateHive{2A7FB991-7BBE-4F9D-B91E-7CB51D4737F5}\ControlSet001\Control\WMI\Autologger\EventLog-Application\{699e309c-e782-4400-98c8-e21d162d7b7b},{699e309c-e782-4400-98c8-e21d162d7b7b},Provider,Microsoft-Windows-Forwarding,1,1
7/14/2009 4:49:01 AM +00:00,CMI-CreateHive{2A7FB991-7BBE-4F9D-B91E-7CB51D4737F5}\ControlSet001\Control\WMI\Autologger\EventLog-Application\{6a1f2b00-6a90-4c38-95a5-5cab3b056778},{6a1f2b00-6a90-4c38-95a5-5cab3b056778},Provider,Microsoft-Windows-DHCPv6-Client,1,1
2/5/2025 1:00:46 AM +00:00,CMI-CreateHive{2A7FB991-7BBE-4F9D-B91E-7CB51D4737F5}\ControlSet001\Control\WMI\Autologger\EventLog-Application\{6b1ffe48-5b1e-4793-9f7f-ae926454499d},{6b1ffe48-5b1e-4793-9f7f-ae926454499d},Provider,Microsoft-Windows-DiskDiagnosticResolver,1,1
11/21/2010 3:46:56 AM +00:00,CMI-CreateHive{2A7FB991-7BBE-4F9D-B91E-7CB51D4737F5}\ControlSet001\Control\WMI\Autologger\EventLog-Application\{6e400999-5b82-475f-b800-cef6fe361539},{6e400999-5b82-475f-b800-cef6fe361539},Provider,Microsoft-Windows-TerminalServices-ClientUSBDevices,1,1
7/14/2009 4:49:01 AM +00:00,CMI-CreateHive{2A7FB991-7BBE-4F9D-B91E-7CB51D4737F5}\ControlSet001\Control\WMI\Autologger\EventLog-Application\{6eb8db94-fe96-443f-a366-5fe0cee7fb1c},{6eb8db94-fe96-443f-a366-5fe0cee7fb1c},Provider,Microsoft-Windows-EapHost,1,1
7/14/2009 4:49:01 AM +00:00,CMI-CreateHive{2A7FB991-7BBE-4F9D-B91E-7CB51D4737F5}\ControlSet001\Control\WMI\Autologger\EventLog-Application\{712abb2d-d806-4b42-9682-26da01d8b307},{712abb2d-d806-4b42-9682-26da01d8b307},Provider,Microsoft-Windows-Video-For-Windows,1,1
7/14/2009 4:49:01 AM +00:00,CMI-CreateHive{2A7FB991-7BBE-4F9D-B91E-7CB51D4737F5}\ControlSet001\Control\WMI\Autologger\EventLog-Application\{72d211e1-4c54-4a93-9520-4901681b2271},{72d211e1-4c54-4a93-9520-4901681b2271},Provider,Microsoft-Windows-PerfProc,1,1
7/14/2009 4:49:01 AM +00:00,CMI-CreateHive{2A7FB991-7BBE-4F9D-B91E-7CB51D4737F5}\ControlSet001\Control\WMI\Autologger\EventLog-Application\{73370bd6-85e5-430b-b60a-fea1285808a7},{73370bd6-85e5-430b-b60a-fea1285808a7},Provider,Microsoft-Windows-CertificateServicesClient,1,1
7/14/2009 4:49:01 AM +00:00,CMI-CreateHive{2A7FB991-7BBE-4F9D-B91E-7CB51D4737F5}\ControlSet001\Control\WMI\Autologger\EventLog-Application\{741fc222-44ed-4ba7-98e3-f405b2d2c4b4},{741fc222-44ed-4ba7-98e3-f405b2d2c4b4},Provider,Microsoft-Windows-DateTimeControlPanel,1,1
11/21/2010 3:46:56 AM +00:00,CMI-CreateHive{2A7FB991-7BBE-4F9D-B91E-7CB51D4737F5}\ControlSet001\Control\WMI\Autologger\EventLog-Application\{747ef6fd-e535-4d16-b510-42c90f6873a1},{747ef6fd-e535-4d16-b510-42c90f6873a1},Provider,Microsoft-Windows-PrintService,1,1
7/14/2009 4:49:01 AM +00:00,CMI-CreateHive{2A7FB991-7BBE-4F9D-B91E-7CB51D4737F5}\ControlSet001\Control\WMI\Autologger\EventLog-Application\{75ebc33e-0870-49e5-bdce-9d7028279489},{75ebc33e-0870-49e5-bdce-9d7028279489},Provider,Microsoft-Windows-SetupUGC,1,1
7/14/2009 4:49:01 AM +00:00,CMI-CreateHive{2A7FB991-7BBE-4F9D-B91E-7CB51D4737F5}\ControlSet001\Control\WMI\Autologger\EventLog-Application\{75ebc33e-0936-4a55-9d26-5f298f3180bf},{75ebc33e-0936-4a55-9d26-5f298f3180bf},Provider,Microsoft-Windows-Audit,1,1
7/14/2009 4:49:01 AM +00:00,CMI-CreateHive{2A7FB991-7BBE-4F9D-B91E-7CB51D4737F5}\ControlSet001\Control\WMI\Autologger\EventLog-Application\{75ebc33e-0cc6-49da-8cd9-8903a5222aa0},{75ebc33e-0cc6-49da-8cd9-8903a5222aa0},Provider,Microsoft-Windows-CmiSetup,1,1
7/14/2009 4:49:01 AM +00:00,CMI-CreateHive{2A7FB991-7BBE-4F9D-B91E-7CB51D4737F5}\ControlSet001\Control\WMI\Autologger\EventLog-Application\{75ebc33e-77b8-4ba8-9474-4f4a9db2f5c6},{75ebc33e-77b8-4ba8-9474-4f4a9db2f5c6},Provider,Microsoft-Windows-Sysprep,1,1
7/14/2009 4:49:01 AM +00:00,CMI-CreateHive{2A7FB991-7BBE-4F9D-B91E-7CB51D4737F5}\ControlSet001\Control\WMI\Autologger\EventLog-Application\{75ebc33e-8670-4eb6-b535-3b9d6bb222fd},{75ebc33e-8670-4eb6-b535-3b9d6bb222fd},Provider,Microsoft-Windows-OobeLdr,1,1
7/14/2009 4:49:01 AM +00:00,CMI-CreateHive{2A7FB991-7BBE-4F9D-B91E-7CB51D4737F5}\ControlSet001\Control\WMI\Autologger\EventLog-Application\{75ebc33e-997f-49cf-b49f-ecc50184b75d},{75ebc33e-997f-49cf-b49f-ecc50184b75d},Provider,Microsoft-Windows-Setup,1,1
7/14/2009 4:49:01 AM +00:00,CMI-CreateHive{2A7FB991-7BBE-4F9D-B91E-7CB51D4737F5}\ControlSet001\Control\WMI\Autologger\EventLog-Application\{75ebc33e-c8ae-4f93-9ca1-683a53e20cb6},{75ebc33e-c8ae-4f93-9ca1-683a53e20cb6},Provider,Microsoft-Windows-Windeploy,1,1
7/14/2009 4:49:01 AM +00:00,CMI-CreateHive{2A7FB991-7BBE-4F9D-B91E-7CB51D4737F5}\ControlSet001\Control\WMI\Autologger\EventLog-Application\{777ba8fe-2498-4875-933a-3067de883070},{777ba8fe-2498-4875-933a-3067de883070},Provider,Microsoft-Windows-XWizards,1,1
2/5/2025 1:00:46 AM +00:00,CMI-CreateHive{2A7FB991-7BBE-4F9D-B91E-7CB51D4737F5}\ControlSet001\Control\WMI\Autologger\EventLog-Application\{7b7838a3-6562-4269-bb7a-97b0d9593882},{7b7838a3-6562-4269-bb7a-97b0d9593882},Provider,Unmapped GUID: {7b7838a3-6562-4269-bb7a-97b0d9593882},1,1
7/14/2009 4:49:01 AM +00:00,CMI-CreateHive{2A7FB991-7BBE-4F9D-B91E-7CB51D4737F5}\ControlSet001\Control\WMI\Autologger\EventLog-Application\{7d29d58a-931a-40ac-8743-48c733045548},{7d29d58a-931a-40ac-8743-48c733045548},Provider,Microsoft-Windows-SoftwareRestrictionPolicies,1,1
7/14/2009 4:49:01 AM +00:00,CMI-CreateHive{2A7FB991-7BBE-4F9D-B91E-7CB51D4737F5}\ControlSet001\Control\WMI\Autologger\EventLog-Application\{7d7b0c39-93f6-4100-bd96-4dda859652c5},{7d7b0c39-93f6-4100-bd96-4dda859652c5},Provider,Microsoft-Windows-Folder Redirection,1,1
2/5/2025 1:00:46 AM +00:00,CMI-CreateHive{2A7FB991-7BBE-4F9D-B91E-7CB51D4737F5}\ControlSet001\Control\WMI\Autologger\EventLog-Application\{7eafcf79-06a7-460b-8a55-bd0a0c9248aa},{7eafcf79-06a7-460b-8a55-bd0a0c9248aa},Provider,Microsoft-Windows-BranchCache,1,1
7/14/2009 4:49:01 AM +00:00,CMI-CreateHive{2A7FB991-7BBE-4F9D-B91E-7CB51D4737F5}\ControlSet001\Control\WMI\Autologger\EventLog-Application\{8085cb91-900e-4d15-a7d1-921ddce641d8},{8085cb91-900e-4d15-a7d1-921ddce641d8},Provider,Unmapped GUID: {8085cb91-900e-4d15-a7d1-921ddce641d8},1,1
7/14/2009 4:49:01 AM +00:00,CMI-CreateHive{2A7FB991-7BBE-4F9D-B91E-7CB51D4737F5}\ControlSet001\Control\WMI\Autologger\EventLog-Application\{85fe7609-ff4a-48e9-9d50-12918e43e1da},{85fe7609-ff4a-48e9-9d50-12918e43e1da},Provider,Microsoft-Windows-L2NACP,1,1
7/14/2009 4:49:01 AM +00:00,CMI-CreateHive{2A7FB991-7BBE-4F9D-B91E-7CB51D4737F5}\ControlSet001\Control\WMI\Autologger\EventLog-Application\{8939299f-2315-4c5c-9b91-abb86aa0627d},{8939299f-2315-4c5c-9b91-abb86aa0627d},Provider,Microsoft-Windows-KnownFolders,1,1
7/14/2009 4:49:01 AM +00:00,CMI-CreateHive{2A7FB991-7BBE-4F9D-B91E-7CB51D4737F5}\ControlSet001\Control\WMI\Autologger\EventLog-Application\{89a2278b-c662-4aff-a06c-46ad3f220bca},{89a2278b-c662-4aff-a06c-46ad3f220bca},Provider,Microsoft-Windows-CertificateServicesClient-CredentialRoaming,1,1
7/14/2009 4:49:01 AM +00:00,CMI-CreateHive{2A7FB991-7BBE-4F9D-B91E-7CB51D4737F5}\ControlSet001\Control\WMI\Autologger\EventLog-Application\{89b1e9f0-5aff-44a6-9b44-0a07a7ce5845},{89b1e9f0-5aff-44a6-9b44-0a07a7ce5845},Provider,Microsoft-Windows-User Profiles Service,1,1
7/14/2009 4:49:01 AM +00:00,CMI-CreateHive{2A7FB991-7BBE-4F9D-B91E-7CB51D4737F5}\ControlSet001\Control\WMI\Autologger\EventLog-Application\{8ce93926-bdae-4409-9155-2fe4799ef4d3},{8ce93926-bdae-4409-9155-2fe4799ef4d3},Provider,Microsoft-Windows-PrimaryNetworkIcon,1,1
7/14/2009 4:49:01 AM +00:00,CMI-CreateHive{2A7FB991-7BBE-4F9D-B91E-7CB51D4737F5}\ControlSet001\Control\WMI\Autologger\EventLog-Application\{91f5fb12-fdea-4095-85d5-614b495cd9de},{91f5fb12-fdea-4095-85d5-614b495cd9de},Provider,Microsoft-Windows-Resource-Exhaustion-Resolver,1,1
7/14/2009 4:49:01 AM +00:00,CMI-CreateHive{2A7FB991-7BBE-4F9D-B91E-7CB51D4737F5}\ControlSet001\Control\WMI\Autologger\EventLog-Application\{9363ccd9-d429-4452-9adb-2501e704b810},{9363ccd9-d429-4452-9adb-2501e704b810},Provider,Microsoft-Windows-Diagnosis-ScriptedDiagnosticsProvider,1,1
2/5/2025 1:00:46 AM +00:00,CMI-CreateHive{2A7FB991-7BBE-4F9D-B91E-7CB51D4737F5}\ControlSet001\Control\WMI\Autologger\EventLog-Application\{95353826-4fbe-41d4-9c42-f521c6e86360},{95353826-4fbe-41d4-9c42-f521c6e86360},Provider,Microsoft-Windows-OfflineFiles,1,1
7/14/2009 4:49:01 AM +00:00,CMI-CreateHive{2A7FB991-7BBE-4F9D-B91E-7CB51D4737F5}\ControlSet001\Control\WMI\Autologger\EventLog-Application\{9580d7dd-0379-4658-9870-d5be7d52d6de},{9580d7dd-0379-4658-9870-d5be7d52d6de},Provider,Microsoft-Windows-WLAN-AutoConfig,1,1
7/14/2009 4:49:01 AM +00:00,CMI-CreateHive{2A7FB991-7BBE-4F9D-B91E-7CB51D4737F5}\ControlSet001\Control\WMI\Autologger\EventLog-Application\{968f313b-097f-4e09-9cdd-bc62692d138b},{968f313b-097f-4e09-9cdd-bc62692d138b},Provider,Microsoft-Windows-DirectShow-Core,1,1
7/14/2009 4:49:01 AM +00:00,CMI-CreateHive{2A7FB991-7BBE-4F9D-B91E-7CB51D4737F5}\ControlSet001\Control\WMI\Autologger\EventLog-Application\{973143dd-f3c7-4ef5-b156-544ac38c39b6},{973143dd-f3c7-4ef5-b156-544ac38c39b6},Provider,Microsoft-Windows-PerfCtrs,1,1
7/14/2009 4:49:01 AM +00:00,CMI-CreateHive{2A7FB991-7BBE-4F9D-B91E-7CB51D4737F5}\ControlSet001\Control\WMI\Autologger\EventLog-Application\{98bf1cd3-583e-4926-95ee-a61bf3f46470},{98bf1cd3-583e-4926-95ee-a61bf3f46470},Provider,Microsoft-Windows-CertificationAuthorityClient-CertCli,1,1
7/14/2009 4:49:01 AM +00:00,CMI-CreateHive{2A7FB991-7BBE-4F9D-B91E-7CB51D4737F5}\ControlSet001\Control\WMI\Autologger\EventLog-Application\{9d55b53d-449b-4824-a637-24f9d69aa02f},{9d55b53d-449b-4824-a637-24f9d69aa02f},Provider,Microsoft-Windows-Winsrv,1,1
7/14/2009 4:49:01 AM +00:00,CMI-CreateHive{2A7FB991-7BBE-4F9D-B91E-7CB51D4737F5}\ControlSet001\Control\WMI\Autologger\EventLog-Application\{9e95e4d0-4cb4-4b5d-a936-c972d7d08d90},{9e95e4d0-4cb4-4b5d-a936-c972d7d08d90},Provider,Unmapped GUID: {9e95e4d0-4cb4-4b5d-a936-c972d7d08d90},1,1
7/14/2009 4:49:01 AM +00:00,CMI-CreateHive{2A7FB991-7BBE-4F9D-B91E-7CB51D4737F5}\ControlSet001\Control\WMI\Autologger\EventLog-Application\{a615acb9-d5a4-4738-b561-1df301d207f8},{a615acb9-d5a4-4738-b561-1df301d207f8},Provider,Microsoft-Windows-SetupQueue,1,1
7/14/2009 4:49:01 AM +00:00,CMI-CreateHive{2A7FB991-7BBE-4F9D-B91E-7CB51D4737F5}\ControlSet001\Control\WMI\Autologger\EventLog-Application\{a7975c8f-ac13-49f1-87da-5a984a4ab417},{a7975c8f-ac13-49f1-87da-5a984a4ab417},Provider,Microsoft-Windows-WinRM,1,1
7/14/2009 4:49:01 AM +00:00,CMI-CreateHive{2A7FB991-7BBE-4F9D-B91E-7CB51D4737F5}\ControlSet001\Control\WMI\Autologger\EventLog-Application\{aabf8b86-7936-4fa2-acb0-63127f879dbf},{aabf8b86-7936-4fa2-acb0-63127f879dbf},Provider,Microsoft-Windows-Diagnosis-PCW,1,1
7/14/2009 4:49:01 AM +00:00,CMI-CreateHive{2A7FB991-7BBE-4F9D-B91E-7CB51D4737F5}\ControlSet001\Control\WMI\Autologger\EventLog-Application\{aaf44901-5c64-4014-8b6c-a80813937293},{aaf44901-5c64-4014-8b6c-a80813937293},Provider,Microsoft-Windows-OcSetup,1,1
7/14/2009 4:49:01 AM +00:00,CMI-CreateHive{2A7FB991-7BBE-4F9D-B91E-7CB51D4737F5}\ControlSet001\Control\WMI\Autologger\EventLog-Application\{ad8aa069-a01b-40a0-ba40-948d1d8dedc5},{ad8aa069-a01b-40a0-ba40-948d1d8dedc5},Provider,Microsoft-Windows-WER-Diag,1,1
11/21/2010 3:46:56 AM +00:00,CMI-CreateHive{2A7FB991-7BBE-4F9D-B91E-7CB51D4737F5}\ControlSet001\Control\WMI\Autologger\EventLog-Application\{ae4bd3be-f36f-45b6-8d21-bdd6fb832853},{ae4bd3be-f36f-45b6-8d21-bdd6fb832853},Provider,Microsoft-Windows-Audio,1,1
7/14/2009 4:49:01 AM +00:00,CMI-CreateHive{2A7FB991-7BBE-4F9D-B91E-7CB51D4737F5}\ControlSet001\Control\WMI\Autologger\EventLog-Application\{af0a5a6d-e009-46d4-8867-42f2240f8a72},{af0a5a6d-e009-46d4-8867-42f2240f8a72},Provider,Microsoft-Windows-HomeGroup-ListenerService,1,1
7/14/2009 4:49:01 AM +00:00,CMI-CreateHive{2A7FB991-7BBE-4F9D-B91E-7CB51D4737F5}\ControlSet001\Control\WMI\Autologger\EventLog-Application\{b1bebb9a-24aa-4b83-9e4a-38c2a9a44377},{b1bebb9a-24aa-4b83-9e4a-38c2a9a44377},Provider,Microsoft-Windows-SystemHealthAgent,1,1
7/14/2009 4:49:01 AM +00:00,CMI-CreateHive{2A7FB991-7BBE-4F9D-B91E-7CB51D4737F5}\ControlSet001\Control\WMI\Autologger\EventLog-Application\{b92cf7fd-dc10-4c6b-a72d-1613bf25e597},{b92cf7fd-dc10-4c6b-a72d-1613bf25e597},Provider,Microsoft-Windows-Wired-AutoConfig,1,1
7/14/2009 4:49:01 AM +00:00,CMI-CreateHive{2A7FB991-7BBE-4F9D-B91E-7CB51D4737F5}\ControlSet001\Control\WMI\Autologger\EventLog-Application\{b977cf02-76f6-df84-cc1a-6a4b232322b6},{b977cf02-76f6-df84-cc1a-6a4b232322b6},Provider,Microsoft-Windows-EventCollector,1,1
7/14/2009 4:49:01 AM +00:00,CMI-CreateHive{2A7FB991-7BBE-4F9D-B91E-7CB51D4737F5}\ControlSet001\Control\WMI\Autologger\EventLog-Application\{b9da9fe6-ae5f-4f3e-b2fa-8e623c11dc75},{b9da9fe6-ae5f-4f3e-b2fa-8e623c11dc75},Provider,Microsoft-Windows-Deplorch,1,1
7/14/2009 4:49:01 AM +00:00,CMI-CreateHive{2A7FB991-7BBE-4F9D-B91E-7CB51D4737F5}\ControlSet001\Control\WMI\Autologger\EventLog-Application\{ba093605-3909-4345-990b-26b746adee0a},{ba093605-3909-4345-990b-26b746adee0a},Provider,Microsoft-Windows-CorruptedFileRecovery-Client,1,1
7/14/2009 4:49:01 AM +00:00,CMI-CreateHive{2A7FB991-7BBE-4F9D-B91E-7CB51D4737F5}\ControlSet001\Control\WMI\Autologger\EventLog-Application\{bd12f3b8-fc40-4a61-a307-b7a013a069c1},{bd12f3b8-fc40-4a61-a307-b7a013a069c1},Provider,Microsoft-Windows-Servicing,1,1
3/10/2025 6:02:53 AM +00:00,CMI-CreateHive{2A7FB991-7BBE-4F9D-B91E-7CB51D4737F5}\ControlSet001\Control\WMI\Autologger\EventLog-Application\{c651f5f6-1c0d-492e-8ae1-b4efd7c9d503},{c651f5f6-1c0d-492e-8ae1-b4efd7c9d503},Provider,Microsoft-Windows-Application Server-Applications,1,1
7/14/2009 4:49:01 AM +00:00,CMI-CreateHive{2A7FB991-7BBE-4F9D-B91E-7CB51D4737F5}\ControlSet001\Control\WMI\Autologger\EventLog-Application\{c6bf6832-f7bd-4151-ac21-753ce4707453},{c6bf6832-f7bd-4151-ac21-753ce4707453},Provider,Microsoft-Windows-International-RegionalOptionsControlPanel,1,1
11/21/2010 3:46:56 AM +00:00,CMI-CreateHive{2A7FB991-7BBE-4F9D-B91E-7CB51D4737F5}\ControlSet001\Control\WMI\Autologger\EventLog-Application\{c76baa63-ae81-421c-b425-340b4b24157f},{c76baa63-ae81-421c-b425-340b4b24157f},Provider,Microsoft-Windows-TerminalServices-RemoteConnectionManager,1,1
7/14/2009 4:49:01 AM +00:00,CMI-CreateHive{2A7FB991-7BBE-4F9D-B91E-7CB51D4737F5}\ControlSet001\Control\WMI\Autologger\EventLog-Application\{c9bdb4eb-9287-4c8e-8378-6896f0d1c5ef},{c9bdb4eb-9287-4c8e-8378-6896f0d1c5ef},Provider,Microsoft-Windows-HomeGroup-ProviderService,1,1
7/14/2009 4:49:01 AM +00:00,CMI-CreateHive{2A7FB991-7BBE-4F9D-B91E-7CB51D4737F5}\ControlSet001\Control\WMI\Autologger\EventLog-Application\{cab2b8a5-49b9-4eec-b1b0-fac21da05a3b},{cab2b8a5-49b9-4eec-b1b0-fac21da05a3b},Provider,Microsoft-Windows-PerfNet,1,1
7/14/2009 4:49:01 AM +00:00,CMI-CreateHive{2A7FB991-7BBE-4F9D-B91E-7CB51D4737F5}\ControlSet001\Control\WMI\Autologger\EventLog-Application\{cb070027-1534-4cf3-98ea-b9751f508376},{cb070027-1534-4cf3-98ea-b9751f508376},Provider,Microsoft-Windows-LanGPA,1,1
7/14/2009 4:49:01 AM +00:00,CMI-CreateHive{2A7FB991-7BBE-4F9D-B91E-7CB51D4737F5}\ControlSet001\Control\WMI\Autologger\EventLog-Application\{cbda4dbf-8d5d-4f69-9578-be14aa540d22},{cbda4dbf-8d5d-4f69-9578-be14aa540d22},Provider,Microsoft-Windows-AppLocker,1,1
7/14/2009 4:49:01 AM +00:00,CMI-CreateHive{2A7FB991-7BBE-4F9D-B91E-7CB51D4737F5}\ControlSet001\Control\WMI\Autologger\EventLog-Application\{d1bc9aff-2abf-4d71-9146-ecb2a986eb85},{d1bc9aff-2abf-4d71-9146-ecb2a986eb85},Provider,Microsoft-Windows-Windows Firewall With Advanced Security,1,1
7/14/2009 4:49:01 AM +00:00,CMI-CreateHive{2A7FB991-7BBE-4F9D-B91E-7CB51D4737F5}\ControlSet001\Control\WMI\Autologger\EventLog-Application\{dab3b18c-3c0f-43e8-80b1-e44bc0dad901},{dab3b18c-3c0f-43e8-80b1-e44bc0dad901},Provider,Microsoft-Windows-AxInstallService,1,1
7/14/2009 4:49:01 AM +00:00,CMI-CreateHive{2A7FB991-7BBE-4F9D-B91E-7CB51D4737F5}\ControlSet001\Control\WMI\Autologger\EventLog-Application\{db00dfb6-29f9-4a9c-9b3b-1f4f9e7d9770},{db00dfb6-29f9-4a9c-9b3b-1f4f9e7d9770},Provider,Microsoft-Windows-User Profiles General,1,1
7/14/2009 4:49:01 AM +00:00,CMI-CreateHive{2A7FB991-7BBE-4F9D-B91E-7CB51D4737F5}\ControlSet001\Control\WMI\Autologger\EventLog-Application\{dbe9b383-7cf3-4331-91cc-a3cb16a3b538},{dbe9b383-7cf3-4331-91cc-a3cb16a3b538},Provider,Microsoft-Windows-Winlogon,1,1
7/14/2009 4:49:01 AM +00:00,CMI-CreateHive{2A7FB991-7BBE-4F9D-B91E-7CB51D4737F5}\ControlSet001\Control\WMI\Autologger\EventLog-Application\{de513a55-c345-438b-9a74-e18cac5c5cc5},{de513a55-c345-438b-9a74-e18cac5c5cc5},Provider,Microsoft-Windows-Help,1,1
7/14/2009 4:49:01 AM +00:00,CMI-CreateHive{2A7FB991-7BBE-4F9D-B91E-7CB51D4737F5}\ControlSet001\Control\WMI\Autologger\EventLog-Application\{e1dd7e52-621d-44e3-a1ad-0370c2b25946},{e1dd7e52-621d-44e3-a1ad-0370c2b25946},Provider,Microsoft-Windows-Diagnosis-Scripted,1,1
7/14/2009 4:49:01 AM +00:00,CMI-CreateHive{2A7FB991-7BBE-4F9D-B91E-7CB51D4737F5}\ControlSet001\Control\WMI\Autologger\EventLog-Application\{e4d53f84-7de3-11d8-9435-505054503030},{e4d53f84-7de3-11d8-9435-505054503030},Provider,Microsoft-Windows-Diagnosis-PLA,1,1
7/14/2009 4:49:01 AM +00:00,CMI-CreateHive{2A7FB991-7BBE-4F9D-B91E-7CB51D4737F5}\ControlSet001\Control\WMI\Autologger\EventLog-Application\{e6307a09-292c-497e-aad6-498f68e2b619},{e6307a09-292c-497e-aad6-498f68e2b619},Provider,Microsoft-Windows-ReadyBoost,1,1
7/14/2009 4:49:01 AM +00:00,CMI-CreateHive{2A7FB991-7BBE-4F9D-B91E-7CB51D4737F5}\ControlSet001\Control\WMI\Autologger\EventLog-Application\{e7558269-3fa5-46ed-9f4d-3c6e282dde55},{e7558269-3fa5-46ed-9f4d-3c6e282dde55},Provider,Microsoft-Windows-UAC,1,1
7/14/2009 4:49:01 AM +00:00,CMI-CreateHive{2A7FB991-7BBE-4F9D-B91E-7CB51D4737F5}\ControlSet001\Control\WMI\Autologger\EventLog-Application\{eb3deb18-d1de-4897-8502-a230ad03db8a},{eb3deb18-d1de-4897-8502-a230ad03db8a},Provider,Unmapped GUID: {eb3deb18-d1de-4897-8502-a230ad03db8a},1,1
7/14/2009 4:49:01 AM +00:00,CMI-CreateHive{2A7FB991-7BBE-4F9D-B91E-7CB51D4737F5}\ControlSet001\Control\WMI\Autologger\EventLog-Application\{eef54e71-0661-422d-9a98-82fd4940b820},{eef54e71-0661-422d-9a98-82fd4940b820},Provider,Microsoft-Windows-Application-Experience,1,1
7/14/2009 4:49:01 AM +00:00,CMI-CreateHive{2A7FB991-7BBE-4F9D-B91E-7CB51D4737F5}\ControlSet001\Control\WMI\Autologger\EventLog-Application\{f0db7ef8-b6f3-4005-9937-feb77b9e1b43},{f0db7ef8-b6f3-4005-9937-feb77b9e1b43},Provider,Microsoft-Windows-CertificateServicesClient-AutoEnrollment,1,1
7/14/2009 4:49:01 AM +00:00,CMI-CreateHive{2A7FB991-7BBE-4F9D-B91E-7CB51D4737F5}\ControlSet001\Control\WMI\Autologger\EventLog-Application\{f4aed7c7-a898-4627-b053-44a7caa12fcd},{f4aed7c7-a898-4627-b053-44a7caa12fcd},Provider,Microsoft-Windows-RPC-Events,1,1
7/14/2009 4:49:01 AM +00:00,CMI-CreateHive{2A7FB991-7BBE-4F9D-B91E-7CB51D4737F5}\ControlSet001\Control\WMI\Autologger\EventLog-Application\{f6da35ce-d312-41c8-9828-5a2e173c91b6},{f6da35ce-d312-41c8-9828-5a2e173c91b6},Provider,Microsoft-Windows-Dhcp-Nap-Enforcement-Client,1,1
7/14/2009 4:49:01 AM +00:00,CMI-CreateHive{2A7FB991-7BBE-4F9D-B91E-7CB51D4737F5}\ControlSet001\Control\WMI\Autologger\EventLog-Application\{f82fb576-e941-4956-a2c7-a0cf83f6450a},{f82fb576-e941-4956-a2c7-a0cf83f6450a},Provider,Microsoft-Windows-PerfOS,1,1
7/14/2009 4:49:01 AM +00:00,CMI-CreateHive{2A7FB991-7BBE-4F9D-B91E-7CB51D4737F5}\ControlSet001\Control\WMI\Autologger\EventLog-Application\{fbcfac3f-8459-419f-8e48-1f0b49cdb85e},{fbcfac3f-8459-419f-8e48-1f0b49cdb85e},Provider,Microsoft-Windows-NetworkProfile,1,1
7/14/2009 4:49:01 AM +00:00,CMI-CreateHive{2A7FB991-7BBE-4F9D-B91E-7CB51D4737F5}\ControlSet001\Control\WMI\Autologger\EventLog-Application\{fc65ddd8-d6ef-4962-83d5-6e5cfe9ce148},{fc65ddd8-d6ef-4962-83d5-6e5cfe9ce148},Provider,Microsoft-Windows-Eventlog,1,1
7/14/2009 4:49:01 AM +00:00,CMI-CreateHive{2A7FB991-7BBE-4F9D-B91E-7CB51D4737F5}\ControlSet001\Control\WMI\Autologger\EventLog-System\{01979c6a-42fa-414c-b8aa-eee2c8202018},{01979c6a-42fa-414c-b8aa-eee2c8202018},Provider,Microsoft-Windows-WindowsBackup,1,1
7/14/2009 4:49:01 AM +00:00,CMI-CreateHive{2A7FB991-7BBE-4F9D-B91E-7CB51D4737F5}\ControlSet001\Control\WMI\Autologger\EventLog-System\{04268430-d489-424d-b914-0cff741d6684},{04268430-d489-424d-b914-0cff741d6684},Provider,Microsoft-Windows-Bluetooth-MTPEnum,1,1
7/14/2009 4:49:01 AM +00:00,CMI-CreateHive{2A7FB991-7BBE-4F9D-B91E-7CB51D4737F5}\ControlSet001\Control\WMI\Autologger\EventLog-System\{06edcfeb-0fd0-4e53-acca-a6f8bbf81bcb},{06edcfeb-0fd0-4e53-acca-a6f8bbf81bcb},Provider,Microsoft-Windows-Time-Service,1,1
7/14/2009 4:49:01 AM +00:00,CMI-CreateHive{2A7FB991-7BBE-4F9D-B91E-7CB51D4737F5}\ControlSet001\Control\WMI\Autologger\EventLog-System\{0c478c5b-0351-41b1-8c58-4a6737da32e3},{0c478c5b-0351-41b1-8c58-4a6737da32e3},Provider,Microsoft-Windows-WFP,1,1
7/14/2009 4:49:01 AM +00:00,CMI-CreateHive{2A7FB991-7BBE-4F9D-B91E-7CB51D4737F5}\ControlSet001\Control\WMI\Autologger\EventLog-System\{0d4fdc09-8c27-494a-bda0-505e4fd8adae},{0d4fdc09-8c27-494a-bda0-505e4fd8adae},Provider,Microsoft-Windows-Directory-Services-SAM,1,1
7/14/2009 4:49:01 AM +00:00,CMI-CreateHive{2A7FB991-7BBE-4F9D-B91E-7CB51D4737F5}\ControlSet001\Control\WMI\Autologger\EventLog-System\{0f67e49f-fe51-4e9f-b490-6f2948cc6027},{0f67e49f-fe51-4e9f-b490-6f2948cc6027},Provider,Microsoft-Windows-Kernel-Processor-Power,1,1
7/14/2009 4:49:01 AM +00:00,CMI-CreateHive{2A7FB991-7BBE-4F9D-B91E-7CB51D4737F5}\ControlSet001\Control\WMI\Autologger\EventLog-System\{11cd958a-c507-4ef3-b3f2-5fd9dfbd2c78},{11cd958a-c507-4ef3-b3f2-5fd9dfbd2c78},Provider,Microsoft-Windows-Windows Defender,1,1
7/14/2009 4:49:01 AM +00:00,CMI-CreateHive{2A7FB991-7BBE-4F9D-B91E-7CB51D4737F5}\ControlSet001\Control\WMI\Autologger\EventLog-System\{15a7a4f8-0072-4eab-abad-f98a4d666aed},{15a7a4f8-0072-4eab-abad-f98a4d666aed},Provider,Microsoft-Windows-Dhcp-Client,1,1
7/14/2009 4:49:01 AM +00:00,CMI-CreateHive{2A7FB991-7BBE-4F9D-B91E-7CB51D4737F5}\ControlSet001\Control\WMI\Autologger\EventLog-System\{15ca44ff-4d7a-4baa-bba5-0998955e531e},{15ca44ff-4d7a-4baa-bba5-0998955e531e},Provider,Microsoft-Windows-Kernel-Boot,1,1
7/14/2009 4:49:01 AM +00:00,CMI-CreateHive{2A7FB991-7BBE-4F9D-B91E-7CB51D4737F5}\ControlSet001\Control\WMI\Autologger\EventLog-System\{199fe037-2b82-40a9-82ac-e1d46c792b99},{199fe037-2b82-40a9-82ac-e1d46c792b99},Provider,LsaSrv,1,1
7/14/2009 4:49:01 AM +00:00,CMI-CreateHive{2A7FB991-7BBE-4F9D-B91E-7CB51D4737F5}\ControlSet001\Control\WMI\Autologger\EventLog-System\{1c95126e-7eea-49a9-a3fe-a378b03ddb4d},{1c95126e-7eea-49a9-a3fe-a378b03ddb4d},Provider,Microsoft-Windows-DNS-Client,1,1
7/14/2009 4:49:01 AM +00:00,CMI-CreateHive{2A7FB991-7BBE-4F9D-B91E-7CB51D4737F5}\ControlSet001\Control\WMI\Autologger\EventLog-System\{1db28f2e-8f80-4027-8c5a-a11f7f10f62d},{1db28f2e-8f80-4027-8c5a-a11f7f10f62d},Provider,Microsoft-Windows-Backup,1,1
7/14/2009 4:49:01 AM +00:00,CMI-CreateHive{2A7FB991-7BBE-4F9D-B91E-7CB51D4737F5}\ControlSet001\Control\WMI\Autologger\EventLog-System\{1f678132-5938-4686-9fdc-c8ff68f15c85},{1f678132-5938-4686-9fdc-c8ff68f15c85},Provider,Schannel,1,1
7/14/2009 4:49:01 AM +00:00,CMI-CreateHive{2A7FB991-7BBE-4F9D-B91E-7CB51D4737F5}\ControlSet001\Control\WMI\Autologger\EventLog-System\{206f6dea-d3c5-4d10-bc72-989f03c8b84b},{206f6dea-d3c5-4d10-bc72-989f03c8b84b},Provider,Microsoft-Windows-Wininit,1,1
7/14/2009 4:49:01 AM +00:00,CMI-CreateHive{2A7FB991-7BBE-4F9D-B91E-7CB51D4737F5}\ControlSet001\Control\WMI\Autologger\EventLog-System\{21b7c16e-c5af-4a69-a74a-7245481c1b97},{21b7c16e-c5af-4a69-a74a-7245481c1b97},Provider,Microsoft-Windows-WPD-MTPClassDriver,1,1
7/14/2009 4:49:01 AM +00:00,CMI-CreateHive{2A7FB991-7BBE-4F9D-B91E-7CB51D4737F5}\ControlSet001\Control\WMI\Autologger\EventLog-System\{2a274310-42d5-4019-b816-e4b8c7abe95c},{2a274310-42d5-4019-b816-e4b8c7abe95c},Provider,Microsoft-Windows-ReadyBoostDriver,1,1
7/14/2009 4:49:01 AM +00:00,CMI-CreateHive{2A7FB991-7BBE-4F9D-B91E-7CB51D4737F5}\ControlSet001\Control\WMI\Autologger\EventLog-System\{2e35aaeb-857f-4beb-a418-2e6c0e54d988},{2e35aaeb-857f-4beb-a418-2e6c0e54d988},Provider,Microsoft-Windows-DriverFrameworks-UserMode,1,1
7/14/2009 4:49:01 AM +00:00,CMI-CreateHive{2A7FB991-7BBE-4F9D-B91E-7CB51D4737F5}\ControlSet001\Control\WMI\Autologger\EventLog-System\{2ff3e6b7-cb90-4700-9621-443f389734ed},{2ff3e6b7-cb90-4700-9621-443f389734ed},Provider,Microsoft-Windows-Kernel-WDI,1,1
7/14/2009 4:49:01 AM +00:00,CMI-CreateHive{2A7FB991-7BBE-4F9D-B91E-7CB51D4737F5}\ControlSet001\Control\WMI\Autologger\EventLog-System\{331c3b3a-2005-44c2-ac5e-77220c37d6b4},{331c3b3a-2005-44c2-ac5e-77220c37d6b4},Provider,Microsoft-Windows-Kernel-Power,1,1
7/14/2009 4:49:01 AM +00:00,CMI-CreateHive{2A7FB991-7BBE-4F9D-B91E-7CB51D4737F5}\ControlSet001\Control\WMI\Autologger\EventLog-System\{355c44fe-0c8e-4bf8-be28-8bc7b5a42720},{355c44fe-0c8e-4bf8-be28-8bc7b5a42720},Provider,Microsoft-Windows-WPD-CompositeClassDriver,1,1
7/14/2009 4:49:01 AM +00:00,CMI-CreateHive{2A7FB991-7BBE-4F9D-B91E-7CB51D4737F5}\ControlSet001\Control\WMI\Autologger\EventLog-System\{36c23e18-0e66-11d9-bbeb-505054503030},{36c23e18-0e66-11d9-bbeb-505054503030},Provider,Microsoft-Windows-Diagnostics-Networking,1,1
7/14/2009 4:49:01 AM +00:00,CMI-CreateHive{2A7FB991-7BBE-4F9D-B91E-7CB51D4737F5}\ControlSet001\Control\WMI\Autologger\EventLog-System\{3cb2a168-fe19-4a4e-bdad-dcf422f13473},{3cb2a168-fe19-4a4e-bdad-dcf422f13473},Provider,Microsoft-Windows-AppID,1,1
7/14/2009 4:49:01 AM +00:00,CMI-CreateHive{2A7FB991-7BBE-4F9D-B91E-7CB51D4737F5}\ControlSet001\Control\WMI\Autologger\EventLog-System\{43e63da5-41d1-4fbf-aded-1bbed98fdd1d},{43e63da5-41d1-4fbf-aded-1bbed98fdd1d},Provider,Microsoft-Windows-Subsys-SMSS,1,1
7/14/2009 4:49:01 AM +00:00,CMI-CreateHive{2A7FB991-7BBE-4F9D-B91E-7CB51D4737F5}\ControlSet001\Control\WMI\Autologger\EventLog-System\{4cec9c95-a65f-4591-b5c4-30100e51d870},{4cec9c95-a65f-4591-b5c4-30100e51d870},Provider,Microsoft-Windows-Kernel-Tm,1,1
7/14/2009 4:49:01 AM +00:00,CMI-CreateHive{2A7FB991-7BBE-4F9D-B91E-7CB51D4737F5}\ControlSet001\Control\WMI\Autologger\EventLog-System\{4ee76bd8-3cf4-44a0-a0ac-3937643e37a3},{4ee76bd8-3cf4-44a0-a0ac-3937643e37a3},Provider,Microsoft-Windows-CodeIntegrity,1,1
7/14/2009 4:49:01 AM +00:00,CMI-CreateHive{2A7FB991-7BBE-4F9D-B91E-7CB51D4737F5}\ControlSet001\Control\WMI\Autologger\EventLog-System\{51480c1a-90aa-416e-98fd-4c11f735349b},{51480c1a-90aa-416e-98fd-4c11f735349b},Provider,Unmapped GUID: {51480c1a-90aa-416e-98fd-4c11f735349b},1,1
7/14/2009 4:49:01 AM +00:00,CMI-CreateHive{2A7FB991-7BBE-4F9D-B91E-7CB51D4737F5}\ControlSet001\Control\WMI\Autologger\EventLog-System\{538cbbad-4877-4eb2-b26e-7caee8f0f8cb},{538cbbad-4877-4eb2-b26e-7caee8f0f8cb},Provider,Microsoft-Windows-FunctionDiscoveryHost,1,1
7/14/2009 4:49:01 AM +00:00,CMI-CreateHive{2A7FB991-7BBE-4F9D-B91E-7CB51D4737F5}\ControlSet001\Control\WMI\Autologger\EventLog-System\{555908d1-a6d7-4695-8e1e-26931d2012f4},{555908d1-a6d7-4695-8e1e-26931d2012f4},Provider,Service Control Manager,1,1
7/14/2009 4:49:01 AM +00:00,CMI-CreateHive{2A7FB991-7BBE-4F9D-B91E-7CB51D4737F5}\ControlSet001\Control\WMI\Autologger\EventLog-System\{5d674230-ca9f-11da-a94d-0800200c9a66},{5d674230-ca9f-11da-a94d-0800200c9a66},Provider,Microsoft-Windows-BitLocker-API,1,1
7/14/2009 4:49:01 AM +00:00,CMI-CreateHive{2A7FB991-7BBE-4F9D-B91E-7CB51D4737F5}\ControlSet001\Control\WMI\Autologger\EventLog-System\{5d896912-022d-40aa-a3a8-4fa5515c76d7},{5d896912-022d-40aa-a3a8-4fa5515c76d7},Provider,Microsoft-Windows-TerminalServices-LocalSessionManager,1,1
7/14/2009 4:49:01 AM +00:00,CMI-CreateHive{2A7FB991-7BBE-4F9D-B91E-7CB51D4737F5}\ControlSet001\Control\WMI\Autologger\EventLog-System\{5f92bc59-248f-4111-86a9-e393e12c6139},{5f92bc59-248f-4111-86a9-e393e12c6139},Provider,Microsoft-Windows-MemoryDiagnostics-Results,1,1
7/14/2009 4:49:01 AM +00:00,CMI-CreateHive{2A7FB991-7BBE-4F9D-B91E-7CB51D4737F5}\ControlSet001\Control\WMI\Autologger\EventLog-System\{63d1e632-95cc-4443-9312-af927761d52a},{63d1e632-95cc-4443-9312-af927761d52a},Provider,Microsoft-Windows-HAL,1,1
7/14/2009 4:49:01 AM +00:00,CMI-CreateHive{2A7FB991-7BBE-4F9D-B91E-7CB51D4737F5}\ControlSet001\Control\WMI\Autologger\EventLog-System\{651df93b-5053-4d1e-94c5-f6e6d25908d0},{651df93b-5053-4d1e-94c5-f6e6d25908d0},Provider,Microsoft-Windows-BitLocker-Driver,1,1
7/14/2009 4:49:01 AM +00:00,CMI-CreateHive{2A7FB991-7BBE-4F9D-B91E-7CB51D4737F5}\ControlSet001\Control\WMI\Autologger\EventLog-System\{66a5c15c-4f8e-4044-bf6e-71d896038977},{66a5c15c-4f8e-4044-bf6e-71d896038977},Provider,Microsoft-Windows-Iphlpsvc,1,1
7/14/2009 4:49:01 AM +00:00,CMI-CreateHive{2A7FB991-7BBE-4F9D-B91E-7CB51D4737F5}\ControlSet001\Control\WMI\Autologger\EventLog-System\{6a1f2b00-6a90-4c38-95a5-5cab3b056778},{6a1f2b00-6a90-4c38-95a5-5cab3b056778},Provider,Microsoft-Windows-DHCPv6-Client,1,1
7/14/2009 4:49:01 AM +00:00,CMI-CreateHive{2A7FB991-7BBE-4F9D-B91E-7CB51D4737F5}\ControlSet001\Control\WMI\Autologger\EventLog-System\{6b93bf66-a922-4c11-a617-cf60d95c133d},{6b93bf66-a922-4c11-a617-cf60d95c133d},Provider,Microsoft-Windows-Fault-Tolerant-Heap,1,1
7/14/2009 4:49:01 AM +00:00,CMI-CreateHive{2A7FB991-7BBE-4F9D-B91E-7CB51D4737F5}\ControlSet001\Control\WMI\Autologger\EventLog-System\{6bba3851-2c7e-4dea-8f54-31e5afd029e3},{6bba3851-2c7e-4dea-8f54-31e5afd029e3},Provider,Microsoft-Windows-Diagnosis-DPS,1,1
7/14/2009 4:49:01 AM +00:00,CMI-CreateHive{2A7FB991-7BBE-4F9D-B91E-7CB51D4737F5}\ControlSet001\Control\WMI\Autologger\EventLog-System\{6c260f2c-049a-43d8-bf4d-d350a4e6611a},{6c260f2c-049a-43d8-bf4d-d350a4e6611a},Provider,Microsoft-Windows-RasSstp,1,1
7/14/2009 4:49:01 AM +00:00,CMI-CreateHive{2A7FB991-7BBE-4F9D-B91E-7CB51D4737F5}\ControlSet001\Control\WMI\Autologger\EventLog-System\{7237fff9-a08a-4804-9c79-4a8704b70b87},{7237fff9-a08a-4804-9c79-4a8704b70b87},Provider,Microsoft-Windows-LanguagePackSetup,1,1
7/14/2009 4:49:01 AM +00:00,CMI-CreateHive{2A7FB991-7BBE-4F9D-B91E-7CB51D4737F5}\ControlSet001\Control\WMI\Autologger\EventLog-System\{73e9c9de-a148-41f7-b1db-4da051fdc327},{73e9c9de-a148-41f7-b1db-4da051fdc327},Provider,Microsoft-Windows-MemoryDiagnostics-Schedule,1,1
7/14/2009 4:49:01 AM +00:00,CMI-CreateHive{2A7FB991-7BBE-4F9D-B91E-7CB51D4737F5}\ControlSet001\Control\WMI\Autologger\EventLog-System\{74c2135f-cc76-45c3-879a-ef3bb1eeaf86},{74c2135f-cc76-45c3-879a-ef3bb1eeaf86},Provider,Microsoft-Windows-ResourcePublication,1,1
7/14/2009 4:49:01 AM +00:00,CMI-CreateHive{2A7FB991-7BBE-4F9D-B91E-7CB51D4737F5}\ControlSet001\Control\WMI\Autologger\EventLog-System\{75ebc33e-997f-49cf-b49f-ecc50184b75d},{75ebc33e-997f-49cf-b49f-ecc50184b75d},Provider,Microsoft-Windows-Setup,1,1
7/14/2009 4:49:01 AM +00:00,CMI-CreateHive{2A7FB991-7BBE-4F9D-B91E-7CB51D4737F5}\ControlSet001\Control\WMI\Autologger\EventLog-System\{7b563579-53c8-44e7-8236-0f87b9fe6594},{7b563579-53c8-44e7-8236-0f87b9fe6594},Provider,Microsoft-Windows-Kernel-WHEA,1,1
7/14/2009 4:49:01 AM +00:00,CMI-CreateHive{2A7FB991-7BBE-4F9D-B91E-7CB51D4737F5}\ControlSet001\Control\WMI\Autologger\EventLog-System\{7b6bc78c-898b-4170-bbf8-1a469ea43fc5},{7b6bc78c-898b-4170-bbf8-1a469ea43fc5},Provider,Microsoft-Windows-HttpEvent,1,1
11/21/2010 3:46:56 AM +00:00,CMI-CreateHive{2A7FB991-7BBE-4F9D-B91E-7CB51D4737F5}\ControlSet001\Control\WMI\Autologger\EventLog-System\{7bfcf102-7378-431c-9284-0b968258991a},{7bfcf102-7378-431c-9284-0b968258991a},Provider,Unmapped GUID: {7bfcf102-7378-431c-9284-0b968258991a},1,1
7/14/2009 4:49:01 AM +00:00,CMI-CreateHive{2A7FB991-7BBE-4F9D-B91E-7CB51D4737F5}\ControlSet001\Control\WMI\Autologger\EventLog-System\{7d5387b0-cbe0-11da-a94d-0800200c9a66},{7d5387b0-cbe0-11da-a94d-0800200c9a66},Provider,Microsoft-Windows-TPM-WMI,1,1
7/14/2009 4:49:01 AM +00:00,CMI-CreateHive{2A7FB991-7BBE-4F9D-B91E-7CB51D4737F5}\ControlSet001\Control\WMI\Autologger\EventLog-System\{7da4fe0e-fd42-4708-9aa5-89b77a224885},{7da4fe0e-fd42-4708-9aa5-89b77a224885},Provider,Microsoft-Windows-DfsSvc,1,1
7/14/2009 4:49:01 AM +00:00,CMI-CreateHive{2A7FB991-7BBE-4F9D-B91E-7CB51D4737F5}\ControlSet001\Control\WMI\Autologger\EventLog-System\{945a8954-c147-4acd-923f-40c45405a658},{945a8954-c147-4acd-923f-40c45405a658},Provider,Microsoft-Windows-WindowsUpdateClient,1,1
2/5/2025 1:00:46 AM +00:00,CMI-CreateHive{2A7FB991-7BBE-4F9D-B91E-7CB51D4737F5}\ControlSet001\Control\WMI\Autologger\EventLog-System\{95353826-4fbe-41d4-9c42-f521c6e86360},{95353826-4fbe-41d4-9c42-f521c6e86360},Provider,Microsoft-Windows-OfflineFiles,1,1
7/14/2009 4:49:01 AM +00:00,CMI-CreateHive{2A7FB991-7BBE-4F9D-B91E-7CB51D4737F5}\ControlSet001\Control\WMI\Autologger\EventLog-System\{9580d7dd-0379-4658-9870-d5be7d52d6de},{9580d7dd-0379-4658-9870-d5be7d52d6de},Provider,Microsoft-Windows-WLAN-AutoConfig,1,1
7/14/2009 4:49:01 AM +00:00,CMI-CreateHive{2A7FB991-7BBE-4F9D-B91E-7CB51D4737F5}\ControlSet001\Control\WMI\Autologger\EventLog-System\{96f4a050-7e31-453c-88be-9634f4e02139},{96f4a050-7e31-453c-88be-9634f4e02139},Provider,Microsoft-Windows-UserPnp,1,1
7/14/2009 4:49:01 AM +00:00,CMI-CreateHive{2A7FB991-7BBE-4F9D-B91E-7CB51D4737F5}\ControlSet001\Control\WMI\Autologger\EventLog-System\{9988748e-c2e8-4054-85f6-0c3e1cad2470},{9988748e-c2e8-4054-85f6-0c3e1cad2470},Provider,Microsoft-Windows-Resource-Exhaustion-Detector,1,1
7/14/2009 4:49:01 AM +00:00,CMI-CreateHive{2A7FB991-7BBE-4F9D-B91E-7CB51D4737F5}\ControlSet001\Control\WMI\Autologger\EventLog-System\{9c205a39-1250-487d-abd7-e831c6290539},{9c205a39-1250-487d-abd7-e831c6290539},Provider,Microsoft-Windows-Kernel-PnP,1,1
7/14/2009 4:49:01 AM +00:00,CMI-CreateHive{2A7FB991-7BBE-4F9D-B91E-7CB51D4737F5}\ControlSet001\Control\WMI\Autologger\EventLog-System\{9e95e4d0-4cb4-4b5d-a936-c972d7d08d90},{9e95e4d0-4cb4-4b5d-a936-c972d7d08d90},Provider,Unmapped GUID: {9e95e4d0-4cb4-4b5d-a936-c972d7d08d90},1,1
7/14/2009 4:49:01 AM +00:00,CMI-CreateHive{2A7FB991-7BBE-4F9D-B91E-7CB51D4737F5}\ControlSet001\Control\WMI\Autologger\EventLog-System\{9f650c63-9409-453c-a652-83d7185a2e83},{9f650c63-9409-453c-a652-83d7185a2e83},Provider,Microsoft-Windows-SCPNP,1,1
7/14/2009 4:49:01 AM +00:00,CMI-CreateHive{2A7FB991-7BBE-4F9D-B91E-7CB51D4737F5}\ControlSet001\Control\WMI\Autologger\EventLog-System\{a0c1853b-5c40-4b15-8766-3cf1c58f985a},{a0c1853b-5c40-4b15-8766-3cf1c58f985a},Provider,Microsoft-Windows-PowerShell,1,1
7/14/2009 4:49:01 AM +00:00,CMI-CreateHive{2A7FB991-7BBE-4F9D-B91E-7CB51D4737F5}\ControlSet001\Control\WMI\Autologger\EventLog-System\{a68ca8b7-004f-d7b6-a698-07e2de0f1f5d},{a68ca8b7-004f-d7b6-a698-07e2de0f1f5d},Provider,Microsoft-Windows-Kernel-General,1,1
7/14/2009 4:49:01 AM +00:00,CMI-CreateHive{2A7FB991-7BBE-4F9D-B91E-7CB51D4737F5}\ControlSet001\Control\WMI\Autologger\EventLog-System\{a6ad76e3-867a-4635-91b3-4904ba6374d7},{a6ad76e3-867a-4635-91b3-4904ba6374d7},Provider,Microsoft-Windows-Kernel-StoreMgr,1,1
7/14/2009 4:49:01 AM +00:00,CMI-CreateHive{2A7FB991-7BBE-4F9D-B91E-7CB51D4737F5}\ControlSet001\Control\WMI\Autologger\EventLog-System\{a8a1f2f6-a13a-45e9-b1fe-3419569e5ef2},{a8a1f2f6-a13a-45e9-b1fe-3419569e5ef2},Provider,Microsoft-Windows-MUI,1,1
7/14/2009 4:49:01 AM +00:00,CMI-CreateHive{2A7FB991-7BBE-4F9D-B91E-7CB51D4737F5}\ControlSet001\Control\WMI\Autologger\EventLog-System\{ac43300d-5fcc-4800-8e99-1bd3f85f0320},{ac43300d-5fcc-4800-8e99-1bd3f85f0320},Provider,Microsoft-Windows-NTLM,1,1
7/14/2009 4:49:01 AM +00:00,CMI-CreateHive{2A7FB991-7BBE-4F9D-B91E-7CB51D4737F5}\ControlSet001\Control\WMI\Autologger\EventLog-System\{ad5162d8-daf0-4a25-88a7-01cbeb33902e},{ad5162d8-daf0-4a25-88a7-01cbeb33902e},Provider,Microsoft-Windows-WPDClassInstaller,1,1
11/21/2010 3:46:56 AM +00:00,CMI-CreateHive{2A7FB991-7BBE-4F9D-B91E-7CB51D4737F5}\ControlSet001\Control\WMI\Autologger\EventLog-System\{ae4bd3be-f36f-45b6-8d21-bdd6fb832853},{ae4bd3be-f36f-45b6-8d21-bdd6fb832853},Provider,Microsoft-Windows-Audio,1,1
7/14/2009 4:49:01 AM +00:00,CMI-CreateHive{2A7FB991-7BBE-4F9D-B91E-7CB51D4737F5}\ControlSet001\Control\WMI\Autologger\EventLog-System\{aea1b4fa-97d1-45f2-a64c-4d69fffd92c9},{aea1b4fa-97d1-45f2-a64c-4d69fffd92c9},Provider,Microsoft-Windows-GroupPolicy,1,1
7/14/2009 4:49:01 AM +00:00,CMI-CreateHive{2A7FB991-7BBE-4F9D-B91E-7CB51D4737F5}\ControlSet001\Control\WMI\Autologger\EventLog-System\{b675ec37-bdb6-4648-bc92-f3fdc74d3ca2},{b675ec37-bdb6-4648-bc92-f3fdc74d3ca2},Provider,Microsoft-Windows-Kernel-EventTracing,1,1
7/14/2009 4:49:01 AM +00:00,CMI-CreateHive{2A7FB991-7BBE-4F9D-B91E-7CB51D4737F5}\ControlSet001\Control\WMI\Autologger\EventLog-System\{b977cf02-76f6-df84-cc1a-6a4b232322b6},{b977cf02-76f6-df84-cc1a-6a4b232322b6},Provider,Microsoft-Windows-EventCollector,1,1
7/14/2009 4:49:01 AM +00:00,CMI-CreateHive{2A7FB991-7BBE-4F9D-B91E-7CB51D4737F5}\ControlSet001\Control\WMI\Autologger\EventLog-System\{b98f0db6-26e2-4a66-89fc-32a9a6a9af61},{b98f0db6-26e2-4a66-89fc-32a9a6a9af61},Provider,Unmapped GUID: {b98f0db6-26e2-4a66-89fc-32a9a6a9af61},1,1
7/14/2009 4:49:01 AM +00:00,CMI-CreateHive{2A7FB991-7BBE-4F9D-B91E-7CB51D4737F5}\ControlSet001\Control\WMI\Autologger\EventLog-System\{ba093605-3909-4345-990b-26b746adee0a},{ba093605-3909-4345-990b-26b746adee0a},Provider,Microsoft-Windows-CorruptedFileRecovery-Client,1,1
7/14/2009 4:49:01 AM +00:00,CMI-CreateHive{2A7FB991-7BBE-4F9D-B91E-7CB51D4737F5}\ControlSet001\Control\WMI\Autologger\EventLog-System\{bd2d1dae-d678-4e10-9667-21cba2aa70c3},{bd2d1dae-d678-4e10-9667-21cba2aa70c3},Provider,Unmapped GUID: {bd2d1dae-d678-4e10-9667-21cba2aa70c3},1,1
7/14/2009 4:49:01 AM +00:00,CMI-CreateHive{2A7FB991-7BBE-4F9D-B91E-7CB51D4737F5}\ControlSet001\Control\WMI\Autologger\EventLog-System\{c02afc2b-e24e-4449-ad76-bcc2c2575ead},{c02afc2b-e24e-4449-ad76-bcc2c2575ead},Provider,Microsoft-Windows-UAC-FileVirtualization,1,1
7/14/2009 4:49:01 AM +00:00,CMI-CreateHive{2A7FB991-7BBE-4F9D-B91E-7CB51D4737F5}\ControlSet001\Control\WMI\Autologger\EventLog-System\{c26c4f3c-3f66-4e99-8f8a-39405cfed220},{c26c4f3c-3f66-4e99-8f8a-39405cfed220},Provider,Microsoft-Windows-WHEA-Logger,1,1
11/21/2010 3:46:56 AM +00:00,CMI-CreateHive{2A7FB991-7BBE-4F9D-B91E-7CB51D4737F5}\ControlSet001\Control\WMI\Autologger\EventLog-System\{c76baa63-ae81-421c-b425-340b4b24157f},{c76baa63-ae81-421c-b425-340b4b24157f},Provider,Microsoft-Windows-TerminalServices-RemoteConnectionManager,1,1
7/14/2009 4:49:01 AM +00:00,CMI-CreateHive{2A7FB991-7BBE-4F9D-B91E-7CB51D4737F5}\ControlSet001\Control\WMI\Autologger\EventLog-System\{c914f0df-835a-4a22-8c70-732c9a80c634},{c914f0df-835a-4a22-8c70-732c9a80c634},Provider,Microsoft-Windows-StartupRepair,1,1
7/14/2009 4:49:01 AM +00:00,CMI-CreateHive{2A7FB991-7BBE-4F9D-B91E-7CB51D4737F5}\ControlSet001\Control\WMI\Autologger\EventLog-System\{cbda4dbf-8d5d-4f69-9578-be14aa540d22},{cbda4dbf-8d5d-4f69-9578-be14aa540d22},Provider,Microsoft-Windows-AppLocker,1,1
7/14/2009 4:49:01 AM +00:00,CMI-CreateHive{2A7FB991-7BBE-4F9D-B91E-7CB51D4737F5}\ControlSet001\Control\WMI\Autologger\EventLog-System\{cd032e15-15ad-4da4-afc6-03bf83516195},{cd032e15-15ad-4da4-afc6-03bf83516195},Provider,Unmapped GUID: {cd032e15-15ad-4da4-afc6-03bf83516195},1,1
7/14/2009 4:49:01 AM +00:00,CMI-CreateHive{2A7FB991-7BBE-4F9D-B91E-7CB51D4737F5}\ControlSet001\Control\WMI\Autologger\EventLog-System\{cdc05e28-c449-49c6-b9d2-88cf761644df},{cdc05e28-c449-49c6-b9d2-88cf761644df},Provider,Microsoft-Windows-Power-Troubleshooter,1,1
7/14/2009 4:49:01 AM +00:00,CMI-CreateHive{2A7FB991-7BBE-4F9D-B91E-7CB51D4737F5}\ControlSet001\Control\WMI\Autologger\EventLog-System\{cfc18ec0-96b1-4eba-961b-622caee05b0a},{cfc18ec0-96b1-4eba-961b-622caee05b0a},Provider,Microsoft-Windows-Diagnostics-Performance,1,1
7/14/2009 4:49:01 AM +00:00,CMI-CreateHive{2A7FB991-7BBE-4F9D-B91E-7CB51D4737F5}\ControlSet001\Control\WMI\Autologger\EventLog-System\{d1bc9aff-2abf-4d71-9146-ecb2a986eb85},{d1bc9aff-2abf-4d71-9146-ecb2a986eb85},Provider,Microsoft-Windows-Windows Firewall With Advanced Security,1,1
7/14/2009 4:49:01 AM +00:00,CMI-CreateHive{2A7FB991-7BBE-4F9D-B91E-7CB51D4737F5}\ControlSet001\Control\WMI\Autologger\EventLog-System\{d5c25f9a-4d47-493e-9184-40dd397a004d},{d5c25f9a-4d47-493e-9184-40dd397a004d},Provider,Microsoft-Windows-Winsock-WS2HELP,1,1
7/14/2009 4:49:01 AM +00:00,CMI-CreateHive{2A7FB991-7BBE-4F9D-B91E-7CB51D4737F5}\ControlSet001\Control\WMI\Autologger\EventLog-System\{d6f68875-cdf5-43a5-a3e3-53ffd683311c},{d6f68875-cdf5-43a5-a3e3-53ffd683311c},Provider,Microsoft-Windows-CorruptedFileRecovery-Server,1,1
7/14/2009 4:49:01 AM +00:00,CMI-CreateHive{2A7FB991-7BBE-4F9D-B91E-7CB51D4737F5}\ControlSet001\Control\WMI\Autologger\EventLog-System\{dbe9b383-7cf3-4331-91cc-a3cb16a3b538},{dbe9b383-7cf3-4331-91cc-a3cb16a3b538},Provider,Microsoft-Windows-Winlogon,1,1
7/14/2009 4:49:01 AM +00:00,CMI-CreateHive{2A7FB991-7BBE-4F9D-B91E-7CB51D4737F5}\ControlSet001\Control\WMI\Autologger\EventLog-System\{dd70bc80-ef44-421b-8ac3-cd31da613a4e},{dd70bc80-ef44-421b-8ac3-cd31da613a4e},Provider,Ntfs,1,1
7/14/2009 4:49:01 AM +00:00,CMI-CreateHive{2A7FB991-7BBE-4F9D-B91E-7CB51D4737F5}\ControlSet001\Control\WMI\Autologger\EventLog-System\{de7b24ea-73c8-4a09-985d-5bdadcfa9017},{de7b24ea-73c8-4a09-985d-5bdadcfa9017},Provider,Microsoft-Windows-TaskScheduler,1,1
7/14/2009 4:49:01 AM +00:00,CMI-CreateHive{2A7FB991-7BBE-4F9D-B91E-7CB51D4737F5}\ControlSet001\Control\WMI\Autologger\EventLog-System\{dea07764-0790-44de-b9c4-49677b17174f},{dea07764-0790-44de-b9c4-49677b17174f},Provider,Microsoft-Windows-FMS,1,1
2/5/2025 1:00:46 AM +00:00,CMI-CreateHive{2A7FB991-7BBE-4F9D-B91E-7CB51D4737F5}\ControlSet001\Control\WMI\Autologger\EventLog-System\{e104fb41-6b04-4f3a-b47d-f0df2f02b954},{e104fb41-6b04-4f3a-b47d-f0df2f02b954},Provider,Microsoft-Windows-DiskDiagnosticDataCollector,1,1
7/14/2009 4:49:01 AM +00:00,CMI-CreateHive{2A7FB991-7BBE-4F9D-B91E-7CB51D4737F5}\ControlSet001\Control\WMI\Autologger\EventLog-System\{e2816346-87f4-4f85-95c3-0c79409aa89d},{e2816346-87f4-4f85-95c3-0c79409aa89d},Provider,Microsoft-Windows-VHDMP,1,1
7/14/2009 4:49:01 AM +00:00,CMI-CreateHive{2A7FB991-7BBE-4F9D-B91E-7CB51D4737F5}\ControlSet001\Control\WMI\Autologger\EventLog-System\{e4480490-85b6-11dd-ad8b-0800200c9a66},{e4480490-85b6-11dd-ad8b-0800200c9a66},Provider,Microsoft-Windows-VDRVROOT,1,1
7/14/2009 4:49:01 AM +00:00,CMI-CreateHive{2A7FB991-7BBE-4F9D-B91E-7CB51D4737F5}\ControlSet001\Control\WMI\Autologger\EventLog-System\{e595f735-b42a-494b-afcd-b68666945cd3},{e595f735-b42a-494b-afcd-b68666945cd3},Provider,Microsoft-Windows-Firewall,1,1
7/14/2009 4:49:01 AM +00:00,CMI-CreateHive{2A7FB991-7BBE-4F9D-B91E-7CB51D4737F5}\ControlSet001\Control\WMI\Autologger\EventLog-System\{e5ba83f6-07d0-46b1-8bc7-7e669a1d31dc},{e5ba83f6-07d0-46b1-8bc7-7e669a1d31dc},Provider,Microsoft-Windows-Security-Netlogon,1,1
2/5/2025 1:00:46 AM +00:00,CMI-CreateHive{2A7FB991-7BBE-4F9D-B91E-7CB51D4737F5}\ControlSet001\Control\WMI\Autologger\EventLog-System\{e670a5a2-ce74-4ab4-9347-61b815319f4c},{e670a5a2-ce74-4ab4-9347-61b815319f4c},Provider,Microsoft-Windows-DiskDiagnostic,1,1
7/14/2009 4:49:01 AM +00:00,CMI-CreateHive{2A7FB991-7BBE-4F9D-B91E-7CB51D4737F5}\ControlSet001\Control\WMI\Autologger\EventLog-System\{eef54e71-0661-422d-9a98-82fd4940b820},{eef54e71-0661-422d-9a98-82fd4940b820},Provider,Microsoft-Windows-Application-Experience,1,1
7/14/2009 4:49:01 AM +00:00,CMI-CreateHive{2A7FB991-7BBE-4F9D-B91E-7CB51D4737F5}\ControlSet001\Control\WMI\Autologger\EventLog-System\{ef1cc15b-46c1-414e-bb95-e76b077bd51e},{ef1cc15b-46c1-414e-bb95-e76b077bd51e},Provider,Microsoft-Windows-Bits-Client,1,1
7/14/2009 4:49:01 AM +00:00,CMI-CreateHive{2A7FB991-7BBE-4F9D-B91E-7CB51D4737F5}\ControlSet001\Control\WMI\Autologger\EventLog-System\{f3c5e28e-63f6-49c7-a204-e48a1bc4b09d},{f3c5e28e-63f6-49c7-a204-e48a1bc4b09d},Provider,Microsoft-Windows-FilterManager,1,1
7/14/2009 4:49:01 AM +00:00,CMI-CreateHive{2A7FB991-7BBE-4F9D-B91E-7CB51D4737F5}\ControlSet001\Control\WMI\Autologger\EventLog-System\{f6da35ce-d312-41c8-9828-5a2e173c91b6},{f6da35ce-d312-41c8-9828-5a2e173c91b6},Provider,Microsoft-Windows-Dhcp-Nap-Enforcement-Client,1,1
7/14/2009 4:49:01 AM +00:00,CMI-CreateHive{2A7FB991-7BBE-4F9D-B91E-7CB51D4737F5}\ControlSet001\Control\WMI\Autologger\EventLog-System\{fc65ddd8-d6ef-4962-83d5-6e5cfe9ce148},{fc65ddd8-d6ef-4962-83d5-6e5cfe9ce148},Provider,Microsoft-Windows-Eventlog,1,1
