Version,BatchKeyPath,KeyName,BatchValueName,Path,CreatedOn,LastStart,LastStop,TaskState,LastActionResult,Source,Description,SecurityDescriptor,Author
3,,{00807111-32F3-4F83-83F3-3CC663BD1F80},,\Microsoft\Windows\Application Experience\PcaPatchDbTask,2025-02-05 00:09:15.8563899,2025-03-10 01:35:15.7970734,2025-03-10 01:35:17.0613262,0,0,Microsoft Corporation,Updates compatibility database,D:(A;;GA;;;BA)(A;;GA;;;SY)(A;;FRFX;;;LS),Microsoft Corporation
3,,{00E9C378-FDB7-4FDF-82B0-58836F578DB0},,\Microsoft\Windows\Windows Defender\Windows Defender Cache Maintenance,2025-03-09 06:26:52.2474923,2025-03-09 09:34:18.2068924,2025-03-09 09:39:18.3031476,0,0,,Periodic maintenance task.,,
3,,{0392E658-5E71-453F-A33B-A0236FF3E4B5},,\Microsoft\Windows\Registry\RegIdleBackup,2025-02-01 00:09:01.8589561,2025-03-09 06:28:11.6764258,2025-03-09 06:28:11.9418239,0,0,"$(@%systemroot%\system32\regidle.dll,-601)","$(@%systemroot%\system32\regidle.dll,-602)",O:BAG:BAD:P(A;;FA;;;BA)(A;;FA;;;SY)(A;;FR;;;IU)(A;;FRFX;;;S-1-5-80-2970612574-78537857-698502321-558674196-1451644582)(A;;FRFX;;;LS),"$(@%systemroot%\system32\regidle.dll,-600)"
3,,{052848AA-FCD5-4BFE-BE8A-FA56D00944AA},,\Microsoft\Windows\Input\InputSettingsRestoreDataAvailable,2025-02-05 00:09:01.8746238,,,0,0,,,D:(A;;FA;;;AU)(A;;FA;;;BA)(A;;FA;;;SY),
3,,{05478158-FF97-41CA-A5CD-14BABD013D30},,\MicrosoftEdgeUpdateTaskMachineUA,2025-02-05 00:09:14.4350577,2025-03-09 05:59:23.6711251,2025-03-09 05:59:23.7498827,0,0,,"Keeps your Microsoft software up to date. If this task is disabled or stopped, your Microsoft software will not be kept up to date, meaning security vulnerabilities that may arise cannot be fixed and features may not work. This task uninstalls itself when there is no Microsoft software using it.",,
3,,{0600DD45-FAF2-4131-A006-0B17509B9F78},,\Microsoft\Windows\Application Experience\Microsoft Compatibility Appraiser,2025-02-05 00:09:01.8746238,2025-03-10 01:35:14.6742136,2025-03-10 01:35:18.1014416,0,0,"$(@%SystemRoot%\system32\compattelrunner.exe,-501)","$(@%SystemRoot%\system32\compattelrunner.exe,-503)",D:(A;;GA;;;BA)(A;;GA;;;SY)(A;;FRFX;;;LS),"$(@%SystemRoot%\system32\compattelrunner.exe,-501)"
3,,{0605535E-067C-4445-A999-2158CF515465},,\Microsoft\Windows\WCM\WiFiTask,2025-02-05 00:09:01.8746238,,,0,0,,"$(@%SystemRoot%\system32\wifitask.exe,-2)",D:(A;;FA;;;BA)(A;;FA;;;SY)(A;;FRFX;;;BU)(A;;FA;;;S-1-5-80-1428027539-3309602793-2678353003-1498846795-3763184142),"$(@%SystemRoot%\system32\wifitask.exe,-1)"
3,,{070B737F-6A39-4088-97A5-7624244F417C},,\Microsoft\Windows\LanguageComponentsInstaller\Installation,2025-02-05 00:09:01.6242219,2025-03-09 11:55:30.0922488,2025-02-04 08:54:12.9033323,0,0,"$(@%systemRoot%\System32\LanguageComponentsInstaller.Dll,-601)","$(@%systemRoot%\System32\LanguageComponentsInstaller.Dll,-602)",D:P(A;;FA;;;BA)(A;;FA;;;SY)(A;;FRFX;;;IU),"$(@%systemRoot%\System32\LanguageComponentsInstaller.Dll,-600)"
3,,{077BA067-7C15-40F0-B22E-C9DC2A54B4A2},,\Microsoft\Windows\Location\Notifications,2025-02-05 00:09:01.8746238,,,0,0,,"$(@%systemRoot%\system32\LocationNotificationWindows.exe,-102)",D:(A;;FA;;;BA)(A;;FA;;;SY)(A;;FRFX;;;AU),
3,,{081AB56B-EDDC-4F3D-98F7-E16AE4F58442},,\Microsoft\Windows\Flighting\FeatureConfig\UsageDataFlushing,2025-03-09 06:16:11.9774806,,,0,0,"$(@%systemroot%\system32\fcon.dll,-601)","$(@%systemroot%\system32\fcon.dll,-605)",D:P(A;;FA;;;SY)(A;;FA;;;BA)(A;;FRFX;;;AU),"$(@%systemroot%\system32\fcon.dll,-602)"
3,,{0A713CE7-5766-4234-8AB7-ED652205B2B6},,\Microsoft\Windows\NlaSvc\WiFiTask,2025-02-05 00:09:01.8746238,,,0,0,,"$(@%SystemRoot%\system32\wifitask.exe,-2)",D:(A;;FA;;;BA)(A;;FA;;;SY)(A;;FRFX;;;BU)(A;;FA;;;S-1-5-80-3635958274-2059881490-2225992882-984577281-633327304),"$(@%SystemRoot%\system32\wifitask.exe,-1)"
3,,{0AE55DFD-F51D-40DA-AB08-39B8EC339D10},,\Microsoft\Windows\CloudExperienceHost\CreateObjectTask,2025-02-05 00:09:01.8897752,2025-02-04 08:24:19.0503803,,0,0,,,D:(A;;FA;;;SY)(A;;FRFX;;;IU),
3,,{0BB36A32-0D9E-4297-AFD7-6BD7B5DB4C9B},,\Microsoft\Windows\UNP\RunUpdateNotificationMgr,2025-02-05 00:09:01.8897752,,,0,0,,,O:SYD:P(A;;GA;;;SY)(A;;FRFX;;;LS)(A;;FRFX;;;BA)(A;;FRFX;;;AU),
3,,{0D4BE8DF-7A6C-4556-BFF6-83F41962C96A},,\Microsoft\Windows\BitLocker\BitLocker MDM policy Refresh,2025-02-05 00:09:01.8897752,,,0,0,,,D:P(A;;FRFX;;;AU)(A;;FA;;;SY),
3,,{0D8E5B59-918C-4E59-B93D-D9A711F860E3},,\Microsoft\Windows\PushToInstall\LoginCheck,2025-03-09 06:16:11.8994260,2025-03-09 11:45:30.0904625,2025-03-09 11:45:30.1376110,0,0,,,D:P(A;;FA;;;SY)(A;;FA;;;BA)(A;;GRGX;;;SU),
3,,{0DABCC2F-4323-4492-AF06-B4A2F5548414},,\Microsoft\Windows\SoftwareProtectionPlatform\SvcRestartTaskNetwork,2025-02-05 00:09:01.9058719,2025-03-10 01:35:22.5281924,2025-03-10 01:35:22.5437114,0,0,"$(@%systemroot%\system32\sppc.dll,-200)","$(@%systemroot%\system32\sppc.dll,-203)",D:P(A;;FA;;;SY)(A;;FA;;;BA)(A;;FRFW;;;S-1-5-80-123231216-2592883651-3715271367-3753151631-4175906628)(A;;FR;;;S-1-5-87-431836887-2321537645-4075769387-3393595759-2187231311),"$(@%systemroot%\system32\sppc.dll,-200)"
3,,{0E07F737-03F6-4FF4-9EDA-D9D551D3E90A},,\Microsoft\Windows\Shell\FamilySafetyRefreshTask,2025-02-05 00:09:01.9058719,,,0,0,"$(@%SystemRoot%\System32\WpcRefreshTask.dll,-32010)","$(@%SystemRoot%\System32\WpcRefreshTask.dll,-32012)",D:(A;OICI;FA;;;BA)(A;OICI;FA;;;LA)(A;OICI;FA;;;SY)(A;OICI;FRFX;;;AU)(A;;FRFX;;;LS),"$(@%SystemRoot%\System32\WpcRefreshTask.dll,-32011)"
3,,{0E5F08D6-F262-4B80-AE60-4346EBEEF28C},,\Microsoft\Windows\Management\Provisioning\Retry,2025-02-05 00:09:01.5772550,,,0,0,,,D:(A;;FA;;;BA)(A;;FA;;;SY),
3,,{0E869B11-147B-4795-98D3-649FE1E3A990},,\Microsoft\Windows\ApplicationData\DsSvcCleanup,2025-02-05 00:09:01.9058719,2025-03-10 01:39:45.5747443,2025-03-10 01:39:47.9430659,0,0,"$(@%systemroot%\system32\dssvc.dll,-10005)","$(@%systemroot%\system32\dssvc.dll,-10006)",D:(A;;FRFX;;;BA)(A;;FA;;;SY),"$(@%systemroot%\system32\dssvc.dll,-10004)"
3,,{1169460A-DB63-4AC1-8823-39864DDC78CD},,\Microsoft\Windows\NetTrace\GatherNetworkInfo,2025-02-05 00:09:02.2024921,,,0,0,"$(@%SystemRoot%\system32\nettrace.dll,-6910)","$(@%SystemRoot%\system32\nettrace.dll,-6912)",,"$(@%SystemRoot%\system32\nettrace.dll,-6911)"
3,,{1226FEB2-961D-415E-97B0-55EA0EDE30A9},,\Microsoft\Windows\Shell\ThemesSyncedImageDownload,2025-02-05 00:09:02.2024921,2025-03-10 01:39:45.9652873,2025-03-10 01:39:46.4840456,0,-2147022646,"$(@%SystemRoot%\system32\Themes.SsfDownload.ScheduledTask.dll,-601)","$(@%SystemRoot%\system32\Themes.SsfDownload.ScheduledTask.dll,-602)",,"$(@%SystemRoot%\system32\Themes.SsfDownload.ScheduledTask.dll,-600)"
3,,{12DF1035-C319-47C9-BDC2-2A761292ACBA},,\Microsoft\Windows\WOF\WIM-Hash-Management,2025-02-05 00:09:02.2024921,,,0,0,"$(@%SystemRoot%\system32\WofTasks.dll,-601)","$(@%SystemRoot%\system32\WofTasks.dll,-602)",O:BAG:BAD:P(A;;FA;;;BA)(A;;FA;;;SY),"$(@%SystemRoot%\system32\WofTasks.dll,-600)"
3,,{145B8AB8-BC7A-4890-A091-2D5152B6FB75},,\Microsoft\Windows\Flighting\FeatureConfig\UsageDataReporting,2025-03-09 06:16:11.9614195,2025-03-09 06:27:11.4927756,2025-03-09 06:27:12.7283811,0,0,"$(@%systemroot%\system32\fcon.dll,-601)","$(@%systemroot%\system32\fcon.dll,-604)",D:P(A;;FA;;;SY)(A;;FA;;;BA)(A;;FRFX;;;AU),"$(@%systemroot%\system32\fcon.dll,-602)"
3,,{14A19FBE-5F4D-4671-9866-6491D5563048},,\Microsoft\Windows\Wininet\CacheTask,2025-02-05 00:09:01.7495277,2025-03-09 11:40:29.5949145,2025-03-09 11:33:12.9934680,0,0,,"$(@%systemroot%\system32\wininet.dll,-16001)",D:P(A;;FA;;;BA)(A;;FA;;;SY)(A;;0x001200a9;;;BU)(A;;0x001200a9;;;WD)(A;;0x001200a9;;;LW),"$(@%systemroot%\system32\wininet.dll,-16000)"
3,,{15101401-21BD-4F19-AE17-20FF4E6CC7C6},,\Microsoft\Windows\RemoteAssistance\RemoteAssistanceTask,2025-02-05 00:09:02.2024921,,,0,0,"$(@%systemroot%\system32\msra.exe,-687)","$(@%systemroot%\system32\msra.exe,-688)",O:BAG:BAD:P(A;;FA;;;BA)(A;;FA;;;SY),"$(@%systemroot%\system32\msra.exe,-686)"
3,,{16F7BCDB-6EF9-438D-AD58-C20706600F62},,\Microsoft\Windows\Chkdsk\SyspartRepair,2025-02-05 00:09:02.2179306,,,0,0,,,D:P(A;;FR;;;AU)(A;;FA;;;SY),
3,,{1905C3A0-3C4E-4691-B066-B55AD8945FF4},,\Microsoft\Windows\MUI\LPRemove,2025-02-05 00:09:02.2179306,2025-03-10 01:39:45.6061924,2025-03-10 01:39:48.9313136,0,0,"$(@%systemRoot%\System32\lpremove.exe,-100)","$(@%systemRoot%\System32\lpremove.exe,-101)",,"$(@%systemRoot%\System32\lpremove.exe,-100)"
3,,{1CB045F6-5131-4640-AB74-D47DE86B8A3D},,\Microsoft\Windows\.NET Framework\.NET Framework NGEN v4.0.30319 Critical,2025-02-05 00:09:02.2335997,2025-03-09 06:17:17.8990156,2025-03-09 06:18:18.2792954,0,0,,,D:(A;OICI;FA;;;BA)(A;OICI;FA;;;SY)(A;OICI;GR;;;AU)(A;;FRFX;;;LS),
3,,{1E5EC2F1-5C42-4AE0-BCB1-123330BCB9D4},,\Microsoft\Windows\InstallService\ScanForUpdates,2025-03-09 06:16:11.6648671,2025-03-10 01:35:15.6073201,2025-03-10 01:35:16.9820714,0,0,,,D:(A;;FA;;;SY)(A;;FRFX;;;BA),
3,,{1F21CB41-19F9-436D-9307-65EF89F8FDC7},,\Microsoft\Windows\UpdateOrchestrator\Schedule Maintenance Work,2025-02-04 08:11:12.4331136,,,0,0,,,D:P(A;;FA;;;SY)(A;;FRFX;;;LS)(A;;FRFX;;;BA),
3,,{264AABAC-D5E5-48BA-8E8C-1B0228413F80},,\Microsoft\Windows\Storage Tiers Management\Storage Tiers Management Initialization,2025-02-05 00:09:02.2335997,,,0,0,"$(@%systemroot%\system32\TieringEngineService.exe,-601)","$(@%systemroot%\system32\TieringEngineService.exe,-602)",D:AI(A;;FA;;;BA)(A;;FA;;;SY)(A;;FRFX;;;LS)(A;;FR;;;AU),"$(@%systemroot%\system32\TieringEngineService.exe,-600)"
3,,{27CE9D59-9D48-4D29-99BC-64657AEBA494},,\Microsoft\Windows\Security\Pwdless\IntelligentPwdlessTask,2025-02-05 00:09:02.2335997,2025-03-10 01:39:46.1373291,2025-03-10 01:39:47.6594707,0,0,"$(@%SystemRoot%\system32\IntelligentPwdlessTask.dll,-101)","$(@%SystemRoot%\system32\IntelligentPwdlessTask.dll,-102)",D:P(A;;KA;;;BA)(A;;FA;;;SY)(A;;KRKX;;;WD),"$(@%SystemRoot%\system32\IntelligentPwdlessTask.dll,-100)"
3,,{280FB626-96A0-40B9-A33E-86C27A7A8B10},,\Microsoft\Windows\International\Synchronize Language Settings,2025-02-05 00:09:01.7650599,2025-03-09 11:41:00.3348741,2025-03-09 11:41:06.4689030,0,0,"$(@%systemRoot%\System32\CoreGlobConfig.Dll,-601)","$(@%systemRoot%\System32\CoreGlobConfig.Dll,-602)",D:P(A;;FA;;;BA)(A;;FA;;;SY)(A;;FRFX;;;IU),"$(@%systemRoot%\System32\CoreGlobConfig.Dll,-600)"
3,,{29EE7F89-D736-4C7B-91CF-768E8BFB5EBF},,\Microsoft\Windows\DeviceDirectoryClient\HandleWnsCommand,2025-02-05 00:09:02.2491659,,,0,0,,,D:P(A;;FA;;;SY)(A;;FRFX;;;BA),
3,,{2AFC39BE-9934-479A-9D78-FD0AF38B65D2},,\Microsoft\Windows\PI\Sqm-Tasks,2025-02-24 06:16:11.5709433,2025-03-09 06:27:11.4927756,2025-03-09 06:27:11.7269860,0,0,"$(@%SystemRoot%\system32\TpmTasks.dll,-601)","$(@%SystemRoot%\system32\TpmTasks.dll,-603)",O:BAG:BAD:P(A;;FA;;;BA)(A;;FA;;;SY)(A;;FRFX;;;LS),"$(@%SystemRoot%\system32\TpmTasks.dll,-600)"
3,,{2C77F3AF-ED76-4042-908C-387080E2301B},,\Microsoft\Windows\LanguageComponentsInstaller\ReconcileLanguageResources,2025-02-05 00:09:01.7650599,2025-03-09 13:40:29.3200795,2025-03-09 13:40:29.3664767,0,0,"$(@%SystemRoot%\system32\LanguageOverlayServer.dll,-102)","$(@%SystemRoot%\system32\LanguageOverlayServer.dll,-103)",D:P(A;;FA;;;BA)(A;;FA;;;SY)(A;;FRFX;;;IU),"$(@%SystemRoot%\system32\LanguageOverlayServer.dll,-102)"
3,,{2E9D660E-8966-4316-BB8C-6B8BF6913AB5},,\Microsoft\Windows\SpacePort\SpaceManagerTask,2025-02-05 00:09:01.5772550,,,0,0,"$(@%SystemRoot%\system32\spaceman.exe,-1)","$(@%SystemRoot%\system32\spaceman.exe,-3)",D:(A;;FA;;;BA)(A;;FA;;;SY),"$(@%SystemRoot%\system32\spaceman.exe,-2)"
3,,{3036D1D3-2B54-4686-AEC7-A516118A0CFF},,\Microsoft\Windows\TPM\Tpm-Maintenance,2025-03-09 06:16:11.5398372,2025-03-09 11:40:32.8764100,2025-03-09 11:40:41.4320511,0,0,"$(@%SystemRoot%\system32\TpmTasks.dll,-601)","$(@%SystemRoot%\system32\TpmTasks.dll,-602)",D:P(A;;FA;;;BA)(A;;FA;;;SY)(A;;FA;;;S-1-5-87-1469317444-2401623638-2778953283-1691679301-3481717153),"$(@%SystemRoot%\system32\TpmTasks.dll,-600)"
3,,{328CFB8A-B6FE-45A7-B0D0-6A588CD67879},,\Microsoft\Windows\SharedPC\Account Cleanup,2025-02-05 00:09:02.2491659,,,0,0,,,,
3,,{33BCFB6B-863E-4FD0-96AE-817A95B04915},,\Microsoft\Windows\WOF\WIM-Hash-Validation,2025-02-05 00:09:02.2491659,2025-03-10 01:39:45.6061924,2025-03-10 01:39:49.0092505,0,0,"$(@%SystemRoot%\system32\WofTasks.dll,-601)","$(@%SystemRoot%\system32\WofTasks.dll,-602)",O:BAG:BAD:P(A;;FA;;;BA)(A;;FA;;;SY),"$(@%SystemRoot%\system32\WofTasks.dll,-600)"
3,,{341B2255-6A6B-442A-AF5A-C610B7DBE12D},,\Microsoft\Windows\UpdateOrchestrator\Schedule Scan Static Task,2025-02-05 00:09:02.2491659,2025-03-09 13:45:29.3041346,2025-03-09 13:45:29.7260262,0,0,Microsoft Corporation,This task performs a scheduled Windows Update scan.,D:P(A;;FA;;;SY)(A;;FRFX;;;LS)(A;;FRFX;;;BA),Microsoft Corporation
3,,{36A83D1B-5DAC-43E6-8ED3-878520340588},,\Microsoft\Windows\Plug and Play\Device Install Group Policy,2025-02-05 00:09:02.2647876,,,0,0,,"$(@%SystemRoot%\system32\pnppolicy.dll,-602)",D:(A;OICI;FA;;;BA)(A;OICI;FA;;;SY),"$(@%SystemRoot%\system32\pnppolicy.dll,-600)"
3,,{37D056AC-1FC2-46E2-A639-81F21E974872},,\Microsoft\Windows\Plug and Play\Device Install Reboot Required,2025-02-05 00:09:01.7650599,2025-03-09 11:40:29.7354024,2025-03-09 11:40:30.7248681,0,0,,"$(@%SystemRoot%\system32\pnpui.dll,-602)",O:BAG:BAD:(A;OICI;FA;;;BA)(A;OICI;FA;;;SY)(A;;FR;;;IU),"$(@%SystemRoot%\system32\pnpui.dll,-600)"
3,,{3AF4D753-A89E-4A06-AF4E-C84241F0252D},,\Microsoft\Windows\Diagnosis\Scheduled,2025-01-31 00:09:02.2647876,2025-03-09 08:50:11.1501959,2025-03-09 08:50:12.7681109,0,0,"$(@%systemroot%\system32\sdiagschd.dll,-102)","$(@%systemroot%\system32\sdiagschd.dll,-103)",O:BAG:BAD:P(A;;FA;;;BA)(A;;FA;;;SY)(A;;FR;;;BU)(A;;FRFX;;;LS),"$(@%systemroot%\system32\sdiagschd.dll,-101)"
3,,{3B083D1E-A3BC-4CEF-812A-DC3AA8D92A32},,\Microsoft\Windows\Workplace Join\Automatic-Device-Join,2025-02-05 00:09:01.7805681,,,0,0,,"$(@%SystemRoot%\system32\dsregcmd.exe,-101)",D:AI(A;;FA;;;NS)(A;;GA;;;SY)(A;ID;FA;;;BA)(A;ID;GRGX;;;AU),
3,,{3C22A9BB-537B-43B2-ADBF-AB2FD1996825},,\Microsoft\Windows\Application Experience\MareBackup,2025-02-05 00:09:02.2647876,,,0,0,"$(@%SystemRoot%\system32\aemarebackup.dll,-701)","$(@%SystemRoot%\system32\aemarebackup.dll,-702)",D:(A;;GA;;;BA)(A;;GA;;;SY)(A;;GA;;;BU)(A;;FRFX;;;LS),"$(@%SystemRoot%\system32\aemarebackup.dll,-701)"
3,,{3DBFC239-EDC6-4114-B4A5-4AC2B63F657A},,\Microsoft\Windows\EDP\EDP App Launch Task,2025-02-05 00:09:02.2807132,,,0,0,,,D:P(A;;FRFX;;;AU)(A;;FA;;;SY),
3,,{401F6914-5590-4971-8ADE-F72CC3588039},,\Microsoft\Windows\Subscription\EnableLicenseAcquisition,2025-02-05 00:09:02.2807132,2025-03-09 11:40:28.8519235,2025-03-09 11:40:32.2517963,0,0,"$(@%SystemRoot%\system32\ClipRenew.exe,-103)","$(@%SystemRoot%\system32\ClipRenew.exe,-101)",,"$(@%SystemRoot%\system32\ClipRenew.exe,-100)"
3,,{4046856E-F5BB-452E-BC8F-9A3FB2E0E6A6},,\Microsoft\Windows\StateRepository\MaintenanceTasks,2025-02-05 00:09:02.2807132,2025-03-10 01:39:45.6217902,2025-03-10 01:39:47.7689121,0,0,"$(@%SystemRoot%\system32\Windows.StateRepositoryClient.dll,-601)","$(@%SystemRoot%\system32\Windows.StateRepositoryClient.dll,-602)",D:(A;;GA;;;SY)(A;;FRFX;;;LS)(A;;FA;;;BA),"$(@%SystemRoot%\system32\Windows.StateRepositoryClient.dll,-600)"
3,,{411BC69A-EFAD-4814-AA18-D7021F7D9992},,\Microsoft\Windows\PushToInstall\Registration,2025-03-09 06:16:11.9146876,2025-03-09 11:48:04.6908158,2025-03-09 11:48:05.0702895,0,0,,,D:P(A;;FA;;;SY)(A;;FA;;;BA)(A;;GRGX;;;SU),
3,,{43BD31EF-7D4A-4BE6-A2BA-62127959D14A},,\Microsoft\Windows\Management\Autopilot\RemediateHardwareChange,2025-02-05 00:09:01.5929696,,,0,0,"$(@%SystemRoot%\system32\Autopilot.dll,-601)","$(@%SystemRoot%\system32\Autopilot.dll,-603)",,"$(@%SystemRoot%\system32\Autopilot.dll,-600)"
3,,{47418E7A-3D8A-4404-8583-5FBD177E6B24},,\Microsoft\Windows\DeviceDirectoryClient\IntegrityCheck,2025-02-05 00:09:02.2960131,2025-03-09 06:26:47.8852971,2025-03-09 06:26:47.9634452,0,0,,,D:P(A;;FA;;;SY)(A;;FRFX;;;BA),
3,,{476E8CFA-78E2-4C51-854E-538F8643B4FD},,\Microsoft\Windows\UpdateOrchestrator\Report policies,2025-02-05 00:09:02.2960131,2025-03-09 06:28:11.5045594,2025-03-09 06:28:12.3493301,0,0,"$(@%systemRoot%\system32\usosvc.dll,-104)",,D:P(A;;FA;;;SY)(A;;FRFX;;;LS)(A;;FRFX;;;BA),"$(@%systemRoot%\system32\usosvc.dll,-103)"
3,,{481D5C85-0604-4D0B-9E07-BE369F4A393D},,\Microsoft\Windows\Flighting\FeatureConfig\BootstrapUsageDataReporting,2025-03-09 06:16:12.0084774,2025-03-09 06:22:16.3271735,2025-03-09 06:22:16.3588244,0,0,"$(@%systemroot%\system32\fcon.dll,-601)","$(@%systemroot%\system32\fcon.dll,-604)",D:P(A;;FA;;;SY)(A;;FA;;;BA)(A;;FRFX;;;AU),"$(@%systemroot%\system32\fcon.dll,-602)"
3,,{49091D37-DABD-4CAD-8B70-D46897191FEA},,\Microsoft\Windows\DeviceDirectoryClient\RegisterDevicePolicyChange,2025-02-05 00:09:02.2960131,,,0,0,,,D:P(A;;FA;;;SY)(A;;FRFX;;;BA),
3,,{4AA0044D-2AC1-480C-9459-54817E5C14C9},,\OneDrive Reporting Task-S-1-5-21-3772742331-1108507784-3781162965-1001,2025-02-04 08:26:47.6442159,2025-03-09 05:57:20.1881550,2025-03-09 05:58:44.6735797,0,0,,,,Microsoft Corporation
3,,{4BEBF5A6-D12A-42DF-AA59-4E0E02F03939},,\Microsoft\Windows\WindowsUpdate\Scheduled Start,2025-02-05 00:09:02.2960131,,,0,0,"$(@%SystemRoot%\System32\wuaueng.dll,-112)","$(@%SystemRoot%\System32\wuaueng.dll,-117)",D:(A;;FA;;;SY)(A;;FRFX;;;LS)(A;;FA;;;BA),"$(@%SystemRoot%\System32\wuaueng.dll,-112)"
3,,{4DD76740-A576-4329-9319-6E5B6B0C3022},,\Microsoft\Windows\DeviceDirectoryClient\RegisterDevicePeriodic24,2025-02-05 00:09:02.3118158,,,0,0,,,D:P(A;;FA;;;SY)(A;;FRFX;;;BA),
3,,{4F30BF1B-1F72-489A-B643-1782B8B5AB9B},,\Microsoft\Windows\SystemRestore\SR,2025-02-04 00:09:02.3118158,2025-03-09 09:39:19.3222657,2025-03-09 09:39:19.4630688,0,0,"$(@%systemroot%\system32\srrstr.dll,-320)","$(@%systemroot%\system32\srrstr.dll,-322)",D:(A;;GA;;;SY)(A;;GA;;;BA)(A;;FRFX;;;LS),"$(@%systemroot%\system32\srrstr.dll,-321)"
3,,{50FE9304-0CB0-421B-8E66-E49FF48945F1},,\Microsoft\Windows\DirectX\DirectXDatabaseUpdater,2025-02-05 00:09:01.7805681,2025-03-09 05:57:30.6779178,2025-03-09 05:57:30.7567844,0,0,,,D:(A;;FA;;;BA)(A;;FA;;;SY),
3,,{517638F6-F9A0-4E27-BE58-1B1DB315E778},,\Microsoft\Windows\ConsentUX\UnifiedConsent\UnifiedConsentSyncTask,2025-03-09 06:16:11.5085838,2025-03-10 01:35:15.2609495,2025-03-10 01:35:15.7655105,0,0,"$(@%systemRoot%\system32\unifiedconsent.dll,-103)","$(@%systemRoot%\system32\unifiedconsent.dll,-101)",,"$(@%systemRoot%\system32\unifiedconsent.dll,-102)"
3,,{54428BB2-CDBF-4F58-B1C7-4A2745A4D909},,\microsoft\windows\applicationdata\appuriverifierinstall,2025-02-05 00:09:02.3118158,2025-02-20 07:03:57.2188154,2025-02-20 07:03:57.4404488,0,0,"$(@%systemroot%\system32\AppHostRegistrationVerifier.exe,-10005)","$(@%systemroot%\system32\AppHostRegistrationVerifier.exe,-10002)",D:(A;;FA;;;SY)(A;;FRFX;;;BA)(A;;FRFX;;;AU)(A;;FRFX;;;IU),"$(@%systemroot%\system32\AppHostRegistrationVerifier.exe,-10004)"
3,,{55F0E3B4-CB69-483F-B8C7-3DA3D10BA893},,\Microsoft\Windows\WlanSvc\CDSSync,2025-02-05 00:09:02.3118158,2025-03-09 11:41:31.2795313,2025-03-09 11:55:31.3133334,0,0,,,D:(A;;FA;;;SY)(A;;FA;;;BA)(A;;FA;;;S-1-5-80-1428027539-3309602793-2678353003-1498846795-3763184142)(A;;FRFX;;;AU)(A;;FRFX;;;BU)(A;;FRFX;;;IU),
3,,{564EB0F7-6B33-45FD-996F-34E146F60606},,\Microsoft\Windows\Servicing\StartComponentCleanup,2025-02-01 00:09:02.3118158,2025-03-09 06:28:11.6764258,2025-03-09 06:29:49.7677636,0,0,,,,
3,,{57999191-4508-4B15-A71C-600C0C4F6294},,\Microsoft\Windows\License Manager\TempSignedLicenseExchange,2025-02-05 00:09:02.3272460,2025-03-10 01:39:46.0121520,2025-03-10 01:39:46.8900788,0,0,"$(@%SystemRoot%\system32\TempSignedLicenseExchangeTask.dll,-601)","$(@%SystemRoot%\system32\TempSignedLicenseExchangeTask.dll,-602)",D:P(A;;FA;;;SY)(A;;FA;;;BA)(A;;GRGX;;;SU),"$(@%SystemRoot%\system32\TempSignedLicenseExchangeTask.dll,-600)"
3,,{58C089C2-D45A-4181-98E8-A433A6EAA443},,\Microsoft\Windows\DUSM\dusmtask,2025-02-05 00:09:02.3272460,,,0,0,,,D:(A;;FA;;;SY)(A;;FA;;;BA)(A;;FA;;;S-1-5-80-4155767994-3874329934-3800885181-2130851812-726865888)(A;;FRFX;;;AU)(A;;FRFX;;;BU)(A;;FRFX;;;IU),
3,,{5908E840-5EBF-433D-BECF-BFF9806349DC},,\Microsoft\Windows\CloudRestore\Restore,2025-02-05 00:09:02.3272460,,,0,0,"$(@%SystemRoot%\system32\CloudRestoreLauncher.dll,-601)","$(@%SystemRoot%\system32\CloudRestoreLauncher.dll,-602)",,"$(@%SystemRoot%\system32\CloudRestoreLauncher.dll,-600)"
3,,{59838101-F43A-4150-8CBA-761AF87D2886},,\Microsoft\Windows\Windows Media Sharing\UpdateLibrary,2025-02-05 00:09:02.3429319,,,0,0,,"$(@%ProgramFiles%\Windows Media Player\wmpnscfg.exe,-1002)",D:(A;;FA;;;BA)(A;;FA;;;SY)(A;;FRFX;;;AU),"$(@%ProgramFiles%\Windows Media Player\wmpnscfg.exe,-1001)"
3,,{5A9B960C-3E34-45A8-BB28-4D90D9739F5D},,\Microsoft\Windows\UPnP\UPnPHostConfig,2025-02-05 00:09:02.3429319,,,0,0,,"$(@%systemroot%\system32\upnphost.dll,-216)",D:(A;;FA;;;BA)(A;;FA;;;SY)(A;;FRFX;;;LS),"$(@%systemroot%\system32\upnphost.dll,-215)"
3,,{5C770B07-E063-4588-B334-C029AE68B5CB},,\Microsoft\Windows\Printing\EduPrintProv,2025-02-05 00:09:02.3429319,,,0,0,,,D:(A;;FA;;;BA)(A;;FA;;;SY)(A;;FRFX;;;WD),
3,,{5D52890E-0D92-490A-B8B9-0D0F83CD24FC},,\Microsoft\Windows\Windows Defender\Windows Defender Scheduled Scan,2025-03-09 06:26:52.2791660,2025-03-09 09:34:18.2068924,2025-03-09 09:39:06.5776029,0,0,,Periodic scan task.,,
3,,{5ED1DD0F-0E6C-428E-AA03-E27E9A82AB46},,\Microsoft\Windows\AppID\PolicyConverter,2025-03-09 06:16:11.4773619,,,0,0,"$(@%systemroot%\system32\appidsvc.dll,-300)","$(@%systemroot%\system32\appidsvc.dll,-302)",D:(A;;FA;;;BA)(A;;FA;;;SY)(A;CI;FA;;;LS)(A;CI;FA;;;S-1-5-80-2078495744-2416903469-4072184685-3943858305-976987417)(A;CI;FA;;;S-1-5-80-242729624-280608522-2219052887-3187409060-2225943459),"$(@%systemroot%\system32\appidsvc.dll,-301)"
3,,{60ECE282-C451-43D9-A94B-529B9E2574CE},,\Microsoft\Windows\Input\PenSyncDataAvailable,2025-02-05 00:09:02.3586611,2025-02-04 08:26:34.7541148,2025-02-04 08:26:34.7696879,0,0,,,D:(A;;FA;;;AU)(A;;FA;;;BA)(A;;FA;;;SY),
3,,{61618F71-B230-4968-A79E-878D8A14D097},,\Microsoft\Windows\ExploitGuard\ExploitGuard MDM policy Refresh,2025-02-05 00:09:01.5929696,2025-03-09 11:40:27.1678818,2025-03-09 11:40:37.4514348,0,0,"$(@%systemroot%\system32\mitigationconfiguration.dll,-601)","$(@%systemroot%\system32\mitigationconfiguration.dll,-602)",D:P(A;;FA;;;SY)(A;;FA;;;BA)(A;;FRFX;;;AU),"$(@%systemroot%\system32\mitigationconfiguration.dll,-600)"
3,,{62483C01-C5FF-4704-A011-08817E36FC09},,\OneDrive Startup Task-S-1-5-21-3772742331-1108507784-3781162965-1001,2025-02-04 08:27:06.5923483,2025-03-09 11:50:30.1041309,2025-03-09 11:50:40.2692530,0,0,,,,Microsoft Corporation
3,,{6376CE14-030D-4F53-8A24-89C55FF5240B},,\Microsoft\Windows\DiskDiagnostic\Microsoft-Windows-DiskDiagnosticResolver,2025-02-05 00:09:01.7805681,,,0,0,"$(@%SystemRoot%\System32\DFDTS.dll,-100)","$(@%SystemRoot%\System32\DFDTS.dll,-118)",D:(A;;GA;;;BA)(A;;GA;;;SY)(A;;FR;;;BU),"$(@%SystemRoot%\System32\DFDTS.dll,-101)"
3,,{645AE3F4-2ABB-4B23-BBCC-8501D777B798},,\Microsoft\Windows\Application Experience\StartupAppTask,2025-02-04 00:09:02.3586611,2025-03-10 01:39:46.0593692,2025-03-10 01:39:46.6710315,0,0,"$(@%SystemRoot%\system32\Startupscan.dll,-701)","$(@%SystemRoot%\system32\Startupscan.dll,-702)",D:(A;OICI;FA;;;BA)(A;OICI;FA;;;LA)(A;OICI;FA;;;SY)(A;OICI;FRFX;;;AU)(A;;FRFX;;;LS),"$(@%SystemRoot%\system32\Startupscan.dll,-701)"
3,,{646A47B2-B399-4126-ADC2-8A1CAC8768B2},,\Microsoft\Windows\Printing\PrintJobCleanupTask,2025-02-05 00:09:02.3742143,2025-02-20 06:08:23.0126243,2025-02-20 06:08:23.3557033,0,0,,,D:P(A;;FA;;;AU)(A;;FA;;;SY),
3,,{652FF024-E710-4350-8CE4-2A6B3D532528},,\Microsoft\Windows\PI\Secure-Boot-Update,2025-03-09 06:16:11.5864486,2025-03-10 01:35:15.0267829,2025-03-10 01:35:16.8561403,0,-2147020471,"$(@%SystemRoot%\system32\TpmTasks.dll,-601)","$(@%SystemRoot%\system32\TpmTasks.dll,-604)",O:BAG:BAD:P(A;;FA;;;BA)(A;;FA;;;SY)(A;;FRFX;;;LS),"$(@%SystemRoot%\system32\TpmTasks.dll,-600)"
3,,{668E3F45-47C5-4203-A02C-83DD53CFC71F},,\Microsoft\Windows\BrokerInfrastructure\BgTaskRegistrationMaintenanceTask,2025-02-03 00:09:02.3742143,2025-03-10 01:39:45.8875426,2025-03-10 01:39:47.5811441,0,268435456,,"$(@%systemRoot%\System32\bisrv.dll,-103)",D:(A;;FA;;;BA)(A;;FA;;;SY)(A;;FRFX;;;LS),"$(@%systemRoot%\System32\bisrv.dll,-102)"
3,,{69AED3CF-EA05-4F8A-B1C9-61932D0D416A},,\Microsoft\Windows\DeviceDirectoryClient\HandleCommand,2025-02-05 00:09:02.3742143,,,0,0,,,D:P(A;;FA;;;SY)(A;;FRFX;;;BA),
3,,{6B33D531-78A1-429F-90AD-777E1486E2E1},,\Microsoft\Windows\Input\TouchpadSyncDataAvailable,2025-02-05 00:09:02.3742143,,,0,0,,,D:(A;;FA;;;AU)(A;;FA;;;BA)(A;;FA;;;SY),
3,,{6BB5B741-69DE-4E52-914B-CBFFC52C404A},,\Microsoft\Windows\.NET Framework\.NET Framework NGEN v4.0.30319,2025-02-05 00:09:02.3897954,2025-03-10 01:39:49.9480390,2025-03-10 01:39:50.8243669,0,0,,,D:(A;OICI;FA;;;BA)(A;OICI;FA;;;SY)(A;OICI;GR;;;AU)(A;;FRFX;;;LS),
3,,{6BE7CEDD-0A56-4ABF-9F7F-660453CDBFE7},,\Microsoft\Windows\SoftwareProtectionPlatform\SvcRestartTask,2025-02-05 00:09:02.3897954,,,0,0,"$(@%systemroot%\system32\sppc.dll,-200)","$(@%systemroot%\system32\sppc.dll,-201)",D:P(A;;FA;;;SY)(A;;FA;;;BA)(A;;FA;;;S-1-5-80-123231216-2592883651-3715271367-3753151631-4175906628)(A;;FR;;;S-1-5-87-2912274048-3994893941-1669128114-1310430903-1263774323),"$(@%systemroot%\system32\sppc.dll,-200)"
3,,{6EB82CE0-3634-4004-AC48-843D88AD2BA8},,\Microsoft\Windows\Management\Provisioning\RunOnReboot,2025-02-05 00:09:01.5929696,,,0,0,,,D:(A;;FA;;;BA)(A;;FA;;;SY),
3,,{6FAC31FA-4A85-4E64-BFD5-2154FF4594B3},,\Microsoft\Windows\Customer Experience Improvement Program\UsbCeip,2025-01-31 00:09:02.3897954,2025-03-09 06:28:11.6764258,2025-03-09 06:28:12.0827306,0,0,"$(@%SystemRoot%\system32\usbceip.dll,-601)","$(@%SystemRoot%\system32\usbceip.dll,-602)",D:(A;OICI;FA;;;BA)(A;OICI;FA;;;SY)(A;OICI;GRGX;;;AU)(A;OICI;SD;;;S-1-5-87-1060603329-121822201-3452730971-4292368946-61207722)(A;;FRFX;;;LS),"$(@%SystemRoot%\system32\usbceip.dll,-600)"
3,,{6FCE18D9-CE70-4E10-BC52-E8BF4C43FE76},,\Microsoft\Windows\Kernel\La57Cleanup,2025-02-04 00:09:02.3897954,2025-03-09 06:28:11.5045594,2025-03-09 06:28:59.1043006,0,0,"$(@%systemRoot%\system32\la57setup.exe,-200)","$(@%systemRoot%\system32\la57setup.exe,-202)",D:P(A;;FA;;;BA)(A;;FA;;;SY)(A;;FR;;;AU)(A;;FRFX;;;LS),"$(@%systemRoot%\system32\la57setup.exe,-201)"
3,,{70570095-076B-4A52-93AE-4659EC465538},,\Microsoft\Windows\WaaSMedic\PerformRemediation,2025-02-05 00:09:02.3897954,2025-03-09 11:48:04.6908158,2025-03-09 11:48:05.0537603,0,0,"$(@%systemroot%\system32\WaasMedicSvcImpl.dll,-103)","$(@%systemroot%\system32\WaasMedicSvcImpl.dll,-104)",D:P(A;;FA;;;SY)(A;;FRFX;;;LS)(A;;FRFX;;;BA),"$(@%systemroot%\system32\WaasMedicSvcImpl.dll,-102)"
3,,{7096FD01-69C9-4F0B-890E-215E1BC14B64},,\Microsoft\Windows\Sysmain\ResPriStaticDbSync,2025-01-30 00:09:02.3897954,2025-03-09 09:39:20.4815679,2025-03-09 09:39:20.7632971,0,0,,"$(@%systemRoot%\System32\sysmain.dll,-3004)",D:(A;;FA;;;BA)(A;;FA;;;SY)(A;;FRFX;;;LS),"$(@%systemRoot%\System32\sysmain.dll,-3000)"
3,,{70C3F267-1488-4516-BC50-1BA53E3F0A1B},,\Microsoft\Windows\TextServicesFramework\MsCtfMonitor,2025-02-05 00:09:01.7959954,2025-03-09 11:40:29.5971573,2025-03-09 11:40:29.7370455,0,0,"$(@%systemRoot%\system32\MsCtfMonitor.dll,-1000)","$(@%systemRoot%\system32\MsCtfMonitor.dll,-1001)",D:(A;;FA;;;BA)(A;;FA;;;SY)(A;;FR;;;BU),
3,,{72D8350D-2AD9-4985-B7D5-20EB350C06E1},,\Microsoft\Windows\Feedback\Siuf\DmClient,2025-02-05 00:09:02.4054019,2025-03-10 01:39:45.6376024,2025-03-10 01:39:48.6499322,0,0,"$(@%systemRoot%\system32\dmclient.exe,-201)","$(@%systemRoot%\system32\dmclient.exe,-202)",,"$(@%systemRoot%\system32\dmclient.exe,-200)"
3,,{734A05CE-0032-469E-8138-CEA91DA79E32},,\Microsoft\Windows\Data Integrity Scan\Data Integrity Check And Scan,2025-02-05 00:09:01.5929696,,,0,0,"$(@%systemroot%\system32\discan.dll,-601)","$(@%systemroot%\system32\discan.dll,-602)",D:AI(A;;FA;;;BA)(A;;FA;;;SY)(A;;FRFX;;;LS)(A;;FR;;;AU),"$(@%systemroot%\system32\discan.dll,-600)"
3,,{7423A9DF-C8DF-49AE-8E1D-5E3CDAE90BE8},,\Microsoft\Windows\MemoryDiagnostic\RunFullMemoryDiagnostic,2025-02-24 06:16:11.3053105,,,0,0,"$(@%SystemRoot%\system32\MemoryDiagnostic.dll,-601)","$(@%SystemRoot%\system32\MemoryDiagnostic.dll,-602)",D:P(A;;FA;;;BA)(A;;FA;;;SY)(A;;FR;;;AU)(A;;FRFX;;;LS),"$(@%SystemRoot%\system32\MemoryDiagnostic.dll,-600)"
3,,{74310F39-6B64-4829-A376-40E6FC840E02},,\Microsoft\Windows\InstallService\ScanForUpdatesAsUser,2025-03-09 06:16:11.6959288,2025-03-09 08:49:11.1471104,2025-03-09 08:49:47.1956513,0,0,,,D:(A;;FA;;;SY)(A;;FA;;;BA)(A;;FRFX;;;IU),
3,,{764DDB74-CB08-4E0A-8580-B41F94F2C7BE},,\Microsoft\Windows\UpdateOrchestrator\Start Oobe Expedite Work,2025-02-05 00:09:02.4054019,2025-03-09 11:53:29.5795405,2025-03-09 11:53:29.8540859,0,0,Microsoft Corporation,This task performs a scheduled Windows Update scan.,D:P(A;;FA;;;SY)(A;;FRFX;;;LS)(A;;FRFX;;;BA),Microsoft Corporation
3,,{78047350-A556-4C53-8578-7367082577BF},,\Microsoft\Windows\DiskFootprint\StorageSense,2025-02-05 00:09:02.4054019,2025-03-10 01:39:45.6684532,2025-03-10 01:39:47.7377152,0,-2147221164,,,,
3,,{783B6DB9-F677-4B5D-B83D-A5BF02CFA79C},,\Microsoft\Windows\CertificateServicesClient\SystemTask,2025-02-05 00:09:01.5929696,2025-03-10 03:40:37.6829748,2025-03-10 03:40:37.7137002,0,0,"$(@%SystemRoot%\system32\dimsjob.dll,-100)","$(@%SystemRoot%\system32\dimsjob.dll,-102)",D:P(A;;FA;;;BA)(A;;FA;;;SY),"$(@%SystemRoot%\system32\dimsjob.dll,-101)"
3,,{784AF2C8-E51B-4A5E-96AB-15AA8D184C48},,\Microsoft\Windows\Data Integrity Scan\Data Integrity Scan for Crash Recovery,2025-02-05 00:09:02.4054019,,,0,0,"$(@%systemroot%\system32\discan.dll,-601)","$(@%systemroot%\system32\discan.dll,-603)",D:AI(A;;FA;;;BA)(A;;FA;;;SY)(A;;FRFX;;;LS)(A;;FR;;;AU),"$(@%systemroot%\system32\discan.dll,-600)"
3,,{7A4945FF-F02C-4E80-93B0-5DCAFBCF2C6F},,\Microsoft\Windows\MemoryDiagnostic\ProcessMemoryDiagnosticEvents,2025-03-09 06:16:11.3368447,2025-03-10 02:51:19.3505306,2025-03-09 08:48:40.3895669,0,-2147020576,"$(@%SystemRoot%\system32\MemoryDiagnostic.dll,-601)","$(@%SystemRoot%\system32\MemoryDiagnostic.dll,-603)",D:P(A;;FA;;;BA)(A;;FA;;;SY)(A;;FR;;;AU),"$(@%SystemRoot%\system32\MemoryDiagnostic.dll,-600)"
3,,{7A8F201E-8745-48FF-B1D5-BFD3BD1EE5F2},,\Microsoft\Windows\Time Synchronization\SynchronizeTime,2025-02-05 00:09:02.4210208,2025-03-10 01:39:45.7154369,2025-03-10 01:39:48.5562305,0,1056,"$(@%systemroot%\system32\w32time.dll,-200)","$(@%systemroot%\system32\w32time.dll,-201)",,"$(@%systemroot%\system32\w32time.dll,-202)"
3,,{7AD275CC-8B31-488D-9CD1-E9DB1AD6BED2},,\Microsoft\Windows\DeviceDirectoryClient\RegisterDeviceAccountChange,2025-02-05 00:09:02.4367567,2025-03-09 11:55:30.1231939,2025-03-09 11:55:30.1543515,0,0,,,D:P(A;;FA;;;SY)(A;;FRFX;;;BA),
3,,{7BA44995-BE4B-466A-95AE-090E29A6F82D},,\Microsoft\Windows\Work Folders\Work Folders Logon Synchronization,2025-02-05 00:09:01.7959954,2025-03-09 11:45:30.0904625,2025-03-09 11:45:30.1061456,0,0,"$(@%systemroot%\system32\WorkFoldersShell.dll,-18000)","$(@%systemroot%\system32\WorkFoldersShell.dll,-18002)",,"$(@%systemroot%\system32\WorkFoldersShell.dll,-18001)"
3,,{7D99D4B1-C2F3-4863-B58A-51495CD7C713},,\Microsoft\Windows\Time Zone\SynchronizeTimeZone,2025-02-04 00:09:02.4524056,2025-03-09 06:28:11.6136879,2025-03-09 06:28:57.7914144,0,0,,"$(@%SystemRoot%\system32\tzsyncres.dll,-102)",,"$(@%SystemRoot%\system32\tzsyncres.dll,-101)"
3,,{7DAF22A5-8ECE-47E1-919A-F3096D746FC6},,\Microsoft\Windows\LanguageComponentsInstaller\Uninstallation,2025-02-04 00:09:02.4524056,2025-02-20 07:09:53.7791976,2025-02-20 07:10:03.9377118,0,0,"$(@%systemRoot%\System32\LanguageComponentsInstaller.Dll,-601)","$(@%systemRoot%\System32\LanguageComponentsInstaller.Dll,-603)",D:P(A;;FA;;;BA)(A;;FA;;;SY),"$(@%systemRoot%\System32\LanguageComponentsInstaller.Dll,-600)"
3,,{7F60B74A-8CF4-48D0-91A2-7DCA116C055F},,\Microsoft\Windows\Chkdsk\ProactiveScan,2025-02-05 00:09:02.4524056,2025-03-10 01:39:45.7936426,2025-03-10 01:39:47.5658169,0,0,"$(@%systemroot%\system32\pstask.dll,-100)","$(@%systemroot%\system32\pstask.dll,-102)",D:AI(A;;FA;;;BA)(A;;FA;;;SY)(A;;FRFX;;;LS)(A;;FR;;;AU),"$(@%systemroot%\system32\pstask.dll,-101)"
3,,{7FBA89AB-20E7-4301-A5E8-7407D05C25D7},,\Microsoft\Windows\TPM\Tpm-HASCertRetr,2025-03-09 06:16:11.6181246,,,0,0,"$(@%SystemRoot%\system32\TpmTasks.dll,-601)","$(@%SystemRoot%\system32\TpmTasks.dll,-605)",D:P(A;;FA;;;BA)(A;;FA;;;SY),"$(@%SystemRoot%\system32\TpmTasks.dll,-600)"
3,,{800AF3F2-FCAD-4C3A-8B30-207D1E199724},,\Microsoft\Windows\Diagnosis\RecommendedTroubleshootingScanner,2025-02-05 00:09:01.5929696,2025-02-04 08:12:05.9991846,2025-02-04 08:12:08.0469911,0,0,"$(@%systemRoot%\system32\mitigationclient.dll,-103)","$(@%systemRoot%\system32\mitigationclient.dll,-201)",,"$(@%systemRoot%\system32\mitigationclient.dll,-200)"
3,,{819408A0-FD49-40E6-9DF1-2A4F71F72517},,\Microsoft\Windows\Ras\MobilityManager,2025-02-05 00:09:02.4679680,,,0,0,,"$(@%SystemRoot%\system32\rasmbmgr.dll,-202)",D:P(A;;FA;;;BA)(A;;FA;;;SY)(A;;FR;;;LS),"$(@%SystemRoot%\system32\rasmbmgr.dll,-201)"
3,,{82B1C22A-B366-4596-B9C5-5F6EA1990ADB},,\Microsoft\Windows\User Profile Service\HiveUploadTask,2025-02-05 00:09:02.4679680,,,0,0,"$(@%SystemRoot%\system32\profsvc,-500)","$(@%SystemRoot%\system32\profsvc,-501)",D:P(A;;FA;;;BA)(A;;FA;;;SY),"$(@%SystemRoot%\system32\profsvc,-500)"
3,,{8428D294-B8D7-4856-A911-6AAE5F0F9606},,\Microsoft\Windows\Workplace Join\Recovery-Check,2025-02-05 00:09:01.7959954,,,0,0,,"$(@%SystemRoot%\system32\dsregcmd.exe,-102)",D:AI(A;;FA;;;NS)(A;;GA;;;SY)(A;ID;FA;;;BA)(A;ID;GRGX;;;AU),
3,,{8552C3E2-2D12-40F2-B13A-FA42D29E5719},,\Microsoft\Windows\Active Directory Rights Management Services Client\AD RMS Rights Policy Template Management (Manual),2025-02-05 00:09:01.8117141,,,0,0,,"$(@%systemRoot%\System32\msdrm.dll,-6003)",D:(A;;FA;;;BA)(A;;FA;;;SY)(A;;FRFX;;;WD),"$(@%systemRoot%\System32\msdrm.dll,-6001)"
3,,{8671A68F-C164-414A-A795-09B2F69A53F6},,\Microsoft\Windows\Data Integrity Scan\Data Integrity Scan,2025-02-05 00:09:02.4679680,,,0,0,"$(@%systemroot%\system32\discan.dll,-601)","$(@%systemroot%\system32\discan.dll,-602)",D:AI(A;;FA;;;BA)(A;;FA;;;SY)(A;;FRFX;;;LS)(A;;FR;;;AU),"$(@%systemroot%\system32\discan.dll,-600)"
3,,{86C15859-A976-4AD8-8F12-6A8067A7EF7D},,\Microsoft\Windows\UpdateOrchestrator\Schedule Wake To Work,2025-02-04 08:11:12.3329214,,,0,0,,,D:P(A;;FA;;;SY)(A;;FRFX;;;LS)(A;;FRFX;;;BA),
3,,{87BF85F4-2CE1-4160-96EA-52F554AA28A2},,\Microsoft\Windows\Autochk\Proxy,2025-02-05 00:09:01.6084913,2025-03-09 12:56:43.2684723,2025-03-09 12:56:43.5981928,0,0,"$(@%systemroot%\system32\acproxy.dll,-100)","$(@%systemroot%\system32\acproxy.dll,-102)",,"$(@%systemroot%\system32\acproxy.dll,-101)"
3,,{8A9C643C-3D74-4099-B6BD-9C6D170898B1},,\Microsoft\Windows\CertificateServicesClient\KeyPreGenTask,2025-02-05 00:09:01.8117141,2025-03-09 11:40:37.8451990,2025-03-09 11:40:40.3607117,0,0,"$(@%SystemRoot%\system32\ngctasks.dll,-101)","$(@%SystemRoot%\system32\ngctasks.dll,-102)",D:P(A;;FA;;;BA)(A;;FA;;;SY)(A;;FRFX;;;LS)(A;;FRFX;;;NS),"$(@%SystemRoot%\system32\ngctasks.dll,-100)"
3,,{8AD0C8A3-C7AC-4D34-B4C7-041DA757A671},,\Microsoft\Windows\DeviceDirectoryClient\RegisterDeviceLocationRightsChange,2025-02-05 00:09:02.4679680,,,0,0,,,D:P(A;;FA;;;SY)(A;;FRFX;;;BA),
3,,{8C2E9C62-8331-4C94-AEE5-AF03005EBB79},,\Microsoft\Windows\CertificateServicesClient\CryptoPolicyTask,2025-02-05 00:09:02.4834943,,,0,0,"$(@%SystemRoot%\system32\ngctasks.dll,-101)","$(@%SystemRoot%\system32\ngctasks.dll,-104)",D:P(A;;FA;;;BA)(A;;FA;;;SY)(A;;FRFX;;;LS)(A;;FRFX;;;NS),"$(@%SystemRoot%\system32\ngctasks.dll,-100)"
3,,{8F2E72BD-4C76-4B00-BC86-679E5342E6E2},,\Microsoft\Windows\DeviceDirectoryClient\RegisterDeviceSettingChange,2025-02-05 00:09:02.4834943,2025-02-04 08:10:59.6865590,2025-02-04 08:11:00.9531068,0,0,,,D:P(A;;FA;;;SY)(A;;FRFX;;;BA),
3,,{8FC62341-782D-4627-B9A8-4FA8653925A8},,\Microsoft\Windows\Plug and Play\Sysprep Generalize Drivers,2025-02-05 00:09:02.4834943,,,0,0,,"$(@%SystemRoot%\System32\sppnp.dll,-2001)",D:(A;;FA;;;BA)(A;;FA;;;SY),"$(@%SystemRoot%\System32\sppnp.dll,-2000)"
3,,{8FDF9F7F-07CD-4546-8A96-EAE9A4B9AE95},,\Microsoft\Windows\Sysmain\HybridDriveCachePrepopulate,2025-02-05 00:09:02.4834943,,,0,0,,"$(@%systemRoot%\System32\sysmain.dll,-3003)",D:(A;;FA;;;BA)(A;;FA;;;SY)(A;;FRFX;;;LS),"$(@%systemRoot%\System32\sysmain.dll,-3000)"
3,,{90C8B444-7047-4B72-B79A-3F855D55F7FC},,\Microsoft\Windows\Sysmain\HybridDriveCacheRebalance,2025-02-05 00:09:02.4834943,,,0,0,,"$(@%systemRoot%\System32\sysmain.dll,-3002)",D:(A;;FA;;;BA)(A;;FA;;;SY)(A;;FRFX;;;LS),"$(@%systemRoot%\System32\sysmain.dll,-3000)"
3,,{91000DF4-3188-4A37-BCC0-D5CAF07C7604},,\Microsoft\Windows\Multimedia\SystemSoundsService,2025-02-05 00:09:01.8117141,2025-03-09 11:40:29.5971573,2025-03-09 11:33:12.9934680,0,0,"$(@%systemRoot%\System32\PlaySndSrv.Dll,-106)","$(@%systemRoot%\System32\PlaySndSrv.Dll,-105)",D:P(A;;FA;;;BA)(A;;FA;;;SY)(A;;FR;;;AU),
3,,{93371F22-285A-48B0-AB64-74FDAEEDDD45},,\Microsoft\Windows\UpdateOrchestrator\Schedule Scan,2025-02-04 08:11:16.2995202,2025-03-09 11:48:04.7066111,2025-03-09 11:48:05.0702895,0,0,,,D:P(A;;FA;;;SY)(A;;FRFX;;;LS)(A;;FRFX;;;BA),
3,,{941389BF-2920-4801-89A4-D8644E46FA47},,\Microsoft\XblGameSave\XblGameSaveTask,2025-02-05 00:09:02.4991134,,,0,0,,XblGameSave Standby Task,,Microsoft
3,,{951E1F4C-2CDF-40AB-BA9F-592C38FC6C58},,\Microsoft\Windows\InstallService\RestoreDevice,2025-03-09 06:16:11.7584777,2025-03-09 12:40:29.9691219,2025-03-09 09:31:58.4557935,0,0,,,D:(A;;FA;;;SY)(A;;FRFX;;;BA),
3,,{95FE2315-4715-4B80-8158-D9AA3FFE11D7},,\Microsoft\Windows\Power Efficiency Diagnostics\AnalyzeSystem,2025-02-05 00:09:02.4991134,2025-03-10 01:39:55.5961911,2025-03-10 01:41:33.7023216,0,0,"$(@%systemRoot%\system32\energytask.dll,-601)","$(@%systemRoot%\system32\energytask.dll,-602)",D:(A;OICI;FA;;;BA)(A;OICI;FA;;;SY)(A;OICI;GR;;;AU)(A;;FRFX;;;LS),"$(@%systemRoot%\system32\energytask.dll,-600)"
3,,{9693EA55-2106-4281-9195-6106D0B24708},,\Microsoft\Windows\Work Folders\Work Folders Maintenance Work,2025-02-05 00:09:01.8117141,2025-03-10 01:39:46.1844442,2025-03-10 01:39:46.4213341,0,0,"$(@%systemroot%\system32\WorkFoldersShell.dll,-18004)","$(@%systemroot%\system32\WorkFoldersShell.dll,-18006)",,"$(@%systemroot%\system32\WorkFoldersShell.dll,-18005)"
3,,{97641BEA-ADC8-4A1D-9E72-83C15C2492AE},,\Microsoft\Windows\AppxDeploymentClient\Pre-staged app cleanup,2025-02-05 00:09:01.8117141,2025-02-20 07:09:53.3685168,2025-02-20 07:09:58.0346619,0,0,,,D:(A;;GA;;;SY)(A;;FRFX;;;LS)(A;;FA;;;BA),
3,,{987F6860-11F5-47B3-889B-0A3D064576EE},,\Microsoft\Windows\DiskFootprint\Diagnostics,2025-02-05 00:09:02.4991134,2025-03-10 01:39:45.7936426,2025-03-10 01:39:47.9271682,0,0,,,,
3,,{9A1DB74C-AE95-4D62-9076-A43D16F71DB2},,\Microsoft\Windows\Windows Filtering Platform\BfeOnServiceStartTypeChange,2025-02-05 00:09:02.4991134,,,0,0,,"$(@%SystemRoot%\system32\bfe.dll,-2002)",,"$(@%SystemRoot%\system32\bfe.dll,-2001)"
3,,{9BF20A50-726A-4FF3-9689-4726C673C4B3},,\Microsoft\Windows\WindowsColorSystem\Calibration Loader,2025-02-05 00:09:01.8275201,2025-03-09 11:40:29.6062208,2025-03-09 11:40:32.8451128,0,0,"$(@%SystemRoot%\system32\mscms.dll,-200)","$(@%SystemRoot%\system32\mscms.dll,-202)",D:(A;;FA;;;BA)(A;;FA;;;SY)(A;;FWFR;;;BU),"$(@%SystemRoot%\system32\mscms.dll,-201)"
3,,{9C88D42B-6058-46C0-AF51-B164A1AAB4DE},,\Microsoft\Windows\Management\Provisioning\Logon,2025-02-05 00:09:01.8275201,2025-03-09 12:14:12.2435423,2025-03-09 12:14:17.4702571,0,0,,,D:(A;;FA;;;BA)(A;;FA;;;SY),
3,,{9CBBFAAE-DB9F-48B4-BAC0-4CFF482A4E01},,\Microsoft\Windows\UpdateOrchestrator\StartOobeAppsScanAfterUpdate,2025-02-05 00:09:02.5148825,2025-03-09 06:31:51.0273181,2025-03-09 06:31:51.0894871,0,0,"$(@%systemRoot%\system32\usosvc.dll,-104)","$(@%systemRoot%\system32\usosvc.dll,-105)",D:P(A;;FA;;;SY)(A;;FRFX;;;LS)(A;;FRFX;;;BA),"$(@%systemRoot%\system32\usosvc.dll,-103)"
3,,{9ECC846D-F09E-4E12-9CE6-0B32A8A33F30},,\Microsoft\Windows\Windows Defender\Windows Defender Cleanup,2025-03-09 06:26:52.2631308,2025-03-09 06:27:11.4927756,2025-03-09 06:28:12.0984089,0,0,,Periodic cleanup task.,,
3,,{9FDBD88F-F89C-413A-BD74-F8B611D96994},,\Microsoft\Windows\Task Manager\Interactive,2025-02-05 00:09:02.5148825,,,0,0,"$(@%systemroot%\system32\wdc.dll,-10042)","$(@%systemroot%\system32\wdc.dll,-10043)",O:BAG:BAD:P(A;;FA;;;BA)(A;;FA;;;SY)(A;;FR;;;IU),"$(@%systemroot%\system32\wdc.dll,-10041)"
3,,{A120AD1B-7097-4C69-9E62-F48FFE8BCD66},,\Microsoft\Windows\Management\Autopilot\DetectHardwareChange,2025-02-05 00:09:02.5148825,,,0,0,"$(@%SystemRoot%\system32\Autopilot.dll,-601)","$(@%SystemRoot%\system32\Autopilot.dll,-602)",,"$(@%SystemRoot%\system32\Autopilot.dll,-600)"
3,,{A4000BDE-9CB9-4BE4-A7E0-F98BAA4980FC},,\Microsoft\Windows\Maps\MapsUpdateTask,2025-02-05 00:09:02.5148825,,,0,0,,"$(@%SystemRoot%\system32\mapsupdatetask.dll,-602)",D:(A;;0x111FFFFF;;;SY)(A;;0x111FFFFF;;;BA)(A;;0x111FFFFF;;;S-1-5-80-3028837079-3186095147-955107200-3701964851-1150726376)(A;;FRFX;;;NS)(A;;FRFX;;;AU),"$(@%SystemRoot%\system32\mapsupdatetask.dll,-600)"
3,,{A40C01E9-DD2D-40A0-A4F1-A8D3085B97CC},,\Microsoft\Windows\EDP\EDP Auth Task,2025-02-05 00:09:02.5148825,,,0,0,,,D:P(A;;FRFX;;;AU)(A;;FA;;;SY),
3,,{A42AD1DD-BB98-4304-AB79-49E824D3010B},,\Microsoft\Windows\InstallService\WakeUpAndScanForUpdates,2025-03-09 06:16:11.7119436,,,0,0,,,D:(A;;FA;;;SY)(A;;FRFX;;;BA),
3,,{A5373F0A-E2EF-404D-B6DE-444C3CE321AA},,\Microsoft\Windows\Clip\LicenseImdsIntegration,2025-02-05 00:09:01.8275201,,,0,0,"$(@%SystemRoot%\system32\fclip.exe,-102)","$(@%SystemRoot%\system32\fclip.exe,-101)",D:P(A;;FA;;;BA)(A;;FA;;;SY),"$(@%SystemRoot%\system32\fclip.exe,-100)"
3,,{A614CC12-6697-48F7-AD95-C02E494F444A},,\Microsoft\Windows\Shell\ThemeAssetTask_SyncFODState,2025-02-05 00:09:02.5148825,,,0,0,,,D:P(A;;FRFX;;;BA)(A;;FA;;;SY),
3,,{A6A52288-35BE-4837-BE85-B761556430D7},,\Microsoft\Windows\Device Information\Device,2025-02-05 00:09:02.5148825,2025-03-09 11:48:04.7066111,2025-03-09 11:48:06.5009608,0,0,,,D:(A;;GA;;;BA)(A;;GA;;;SY)(A;;FRFX;;;LS),
3,,{A7A18F1E-0280-4C46-9888-F229D0430E23},,\Microsoft\Windows\Defrag\ScheduledDefrag,2025-01-29 08:56:09.3770920,2025-03-09 06:28:11.6136879,2025-03-09 06:28:57.0260118,0,0,"$(@%systemroot%\system32\defragsvc.dll,-800)","$(@%systemroot%\system32\defragsvc.dll,-802)",D:AI(A;;FA;;;BA)(A;;FA;;;SY)(A;;FRFX;;;LS)(A;;FR;;;AU),"$(@%systemroot%\system32\defragsvc.dll,-801)"
3,,{AA5D2D0C-B13E-4038-ABE6-CD139F9D3CE8},,\Microsoft\Windows\File Classification Infrastructure\Property Definition Sync,2025-02-05 00:09:02.5304290,,,0,0,"$(@%systemroot%\system32\srm.dll,-18000)","$(@%systemroot%\system32\srm.dll,-18002)",D:(D;;SD;;;AU)(A;;FRFWFX;;;AU),"$(@%systemroot%\system32\srm.dll,-18001)"
3,,{AEA3E6CF-44EF-4781-B0B1-3CE5A8A7D038},,\Microsoft\Windows\Management\Provisioning\MdmDiagnosticsCleanup,2025-02-05 00:09:01.6084913,2025-02-04 08:10:51.5593411,2025-02-04 08:10:51.8263813,0,0,,,D:(A;;FA;;;BA)(A;;FA;;;SY)(A;;FRFX;;;LS),
3,,{B0BF14AC-CEC8-4769-835E-4BA20FAE90E5},,\Microsoft\Windows\Printing\PrinterCleanupTask,2025-02-05 00:09:02.5304290,2025-03-09 05:57:19.8545089,2025-03-09 05:57:19.9146766,0,0,,,D:P(A;;FA;;;AU)(A;;FA;;;SY),
3,,{B0EF7ED7-B26A-4AF8-B38A-6ED43481B871},,\Microsoft\Windows\CertificateServicesClient\UserTask-Roam,2025-02-05 00:09:02.5304290,2025-03-09 13:37:24.6706650,2025-03-09 13:37:26.0261943,0,0,"$(@%SystemRoot%\system32\dimsjob.dll,-100)","$(@%SystemRoot%\system32\dimsjob.dll,-102)",D:P(A;;FA;;;BA)(A;;FA;;;SY)(A;;FRFW;;;IU),"$(@%SystemRoot%\system32\dimsjob.dll,-101)"
3,,{B1CE11D3-01E9-4E98-AD9E-32BD594B4DFF},,\Microsoft\Windows\Maps\MapsToastTask,2025-02-05 00:09:02.5304290,,,0,0,,"$(@%SystemRoot%\system32\mapstoasttask.dll,-602)",D:(A;;0x111FFFFF;;;SY)(A;;0x111FFFFF;;;BA)(A;;0x111FFFFF;;;S-1-5-80-3028837079-3186095147-955107200-3701964851-1150726376)(A;;FRFX;;;AU),"$(@%SystemRoot%\system32\mapstoasttask.dll,-600)"
3,,{B3A9491B-1579-49C3-9311-16F1AAC67823},,\microsoft\windows\input\syncpensettings,2025-02-05 00:09:02.5465635,,,0,0,,,D:(A;;FA;;;AU)(A;;FA;;;BA)(A;;FA;;;SY),
3,,{B4FBEFA9-6F7C-4C74-A891-3774B7BCD072},,\Microsoft\Windows\UpdateOrchestrator\StartOobeAppsScan_LicenseAccepted,2025-02-05 00:09:02.5931899,2025-02-05 00:10:09.2836089,,0,0,"$(@%systemRoot%\system32\usosvc.dll,-104)","$(@%systemRoot%\system32\usosvc.dll,-105)",D:P(A;;FA;;;SY)(A;;FRFX;;;LS)(A;;FRFX;;;BA),"$(@%systemRoot%\system32\usosvc.dll,-103)"
3,,{B53BD60A-5823-411C-9C75-AA91DB3C35F8},,\Microsoft\Windows\UpdateOrchestrator\UUS Failover Task,2025-02-05 00:09:02.6089040,,,0,0,"$(@%systemRoot%\system32\usosvc.dll,-104)",,D:P(A;;FA;;;SY)(A;;FRFX;;;LS)(A;;FRFX;;;BA),"$(@%systemRoot%\system32\usosvc.dll,-103)"
3,,{B5E83E2D-143E-49E6-B96C-971EC3C5BF4B},,\Microsoft\Windows\Active Directory Rights Management Services Client\AD RMS Rights Policy Template Management (Automated),2025-02-05 00:09:01.8275201,,,0,0,,"$(@%systemRoot%\System32\msdrm.dll,-6002)",D:(A;;FA;;;BA)(A;;FA;;;SY)(A;;FRFX;;;WD),"$(@%systemRoot%\System32\msdrm.dll,-6001)"
3,,{B64434EB-CD9E-4E24-AA0E-E46ACAFAA240},,\Microsoft\Windows\CloudRestore\Backup,2025-02-05 00:09:02.6089040,2025-03-09 05:57:19.8554737,,0,-2147020576,"$(@%SystemRoot%\system32\CloudRestoreLauncher.dll,-601)","$(@%SystemRoot%\system32\CloudRestoreLauncher.dll,-602)",D:(A;;FA;;;BA)(A;;FA;;;SY)(A;;FRFX;;;BU)(A;;FRFX;;;AU),"$(@%SystemRoot%\system32\CloudRestoreLauncher.dll,-600)"
3,,{B76559E7-75DF-43A9-9BFD-B7D55EDCEB5F},,\Microsoft\Windows\DeviceDirectoryClient\LocateCommandUserSession,2025-02-05 00:09:02.6401572,,,0,0,,,D:P(A;;FA;;;SY)(A;;FRFX;;;BA),
3,,{B7BA9F05-0DE2-48A0-8282-F3A6045DA118},,\Microsoft\Windows\Device Setup\Metadata Refresh,2025-01-22 00:09:02.6711157,2025-03-09 08:49:11.1317716,2025-03-09 08:49:11.4127187,0,0,"$(@%SystemRoot%\System32\DeviceSetupManager.dll,-601)","$(@%SystemRoot%\System32\DeviceSetupManager.dll,-602)",D:P(A;;FRFX;;;BA)(A;;FA;;;SY),"$(@%SystemRoot%\System32\DeviceSetupManager.dll,-600)"
3,,{B8D19533-CAD4-4AFA-8C17-FC1403200571},,\Microsoft\Windows\DeviceDirectoryClient\RegisterDeviceProtectionStateChanged,2025-02-05 00:09:02.6711157,2025-03-09 11:50:43.7238044,2025-03-09 11:50:43.9117777,0,0,,,D:P(A;;FA;;;SY)(A;;FRFX;;;BA),
3,,{B9495ACC-B358-43DA-96C6-B64E2E569AD7},,\OneDrive Standalone Update Task-S-1-5-21-3772742331-1108507784-3781162965-1001,2025-03-09 05:54:37.9938400,,,0,0,,,,Microsoft Corporation
3,,{BA2D7E09-CCF2-48F1-BF8A-0325763006AA},,\Microsoft\Windows\USB\Usb-Notifications,2025-02-05 00:09:02.6867328,,,0,0,,"$(@%SystemRoot%\system32\usbtask.dll,-602)",O:BAG:BAD:(A;OICI;FA;;;BA)(A;OICI;FA;;;SY)(A;;FR;;;IU),"$(@%SystemRoot%\system32\usbtask.dll,-600)"
3,,{BC0A6097-F752-4DF9-A567-0D788B2215D2},,\Microsoft\Windows\Bluetooth\UninstallDeviceTask,2025-02-05 00:09:02.6867328,,,0,0,,"$(@%SystemRoot%\system32\BthUdTask.exe,-1001)",D:(A;;FA;;;BA)(A;;FA;;;SY)(A;;FRFX;;;LS),"$(@%SystemRoot%\system32\BthUdTask.exe,-1002)"
3,,{BD30B767-86C3-4867-8DDE-468207782635},,\Microsoft\Windows\BitLocker\BitLocker Encrypt All Drives,2025-02-05 00:09:02.7026057,,,0,0,,,D:P(A;;FRFX;;;AU)(A;;FA;;;SY),
3,,{BD49FE01-E482-45A9-B96A-74E1FC798A41},,\Microsoft\Windows\Subscription\LicenseAcquisition,2025-02-05 00:09:02.7026057,,,0,0,"$(@%SystemRoot%\system32\ClipRenew.exe,-103)","$(@%SystemRoot%\system32\ClipRenew.exe,-102)",,"$(@%SystemRoot%\system32\ClipRenew.exe,-100)"
3,,{BE69C4BA-5D43-47ED-A19E-9E27D3A1C9B0},,\Microsoft\Windows\WDI\ResolutionHost,2025-02-05 00:09:02.7026057,2025-03-09 13:37:18.4393815,2025-03-09 14:27:44.4673373,0,0,"$(@%systemroot%\system32\dps.dll,-601)","$(@%systemroot%\system32\dps.dll,-602)",O:BAG:BAD:P(A;;FA;;;BA)(A;;FA;;;SY)(A;;FR;;;IU)(A;;FRFX;;;S-1-5-80-2970612574-78537857-698502321-558674196-1451644582),"$(@%systemroot%\system32\dps.dll,-600)"
3,,{C0FDF5FF-5EDB-4087-8D0B-F1B205BD1985},,\Microsoft\Windows\CertificateServicesClient\AikCertEnrollTask,2025-02-05 00:09:02.7182066,2025-03-09 11:40:41.4163419,2025-03-09 11:40:42.1302954,0,-2145844844,"$(@%SystemRoot%\system32\ngctasks.dll,-101)","$(@%SystemRoot%\system32\ngctasks.dll,-103)",D:P(A;;FA;;;BA)(A;;FA;;;SY)(A;;FRFX;;;LS)(A;;FRFX;;;NS),"$(@%SystemRoot%\system32\ngctasks.dll,-100)"
3,,{C155AD13-6DA0-4ADD-AFF1-B44273DC7A21},,\Microsoft\Windows\InstallService\SmartRetry,2025-03-09 06:16:11.6492299,2025-03-09 12:56:43.2844927,2025-03-09 12:56:43.6608697,0,0,,,D:P(A;;FA;;;SY)(A;;FA;;;BA)(A;;GRGX;;;SU),
3,,{C375B8E7-1D4F-4E57-90E7-3BEFD0DFCE06},,\Microsoft\Windows\WlanSvc\MoProfileManagement,2025-02-05 00:09:02.7182066,,,0,0,,,D:(A;;FA;;;BA)(A;;FA;;;SY),
3,,{C44A39EC-6E42-4427-A83C-FE9663444A63},,\Microsoft\Windows\AppID\VerifiedPublisherCertStoreCheck,2025-03-09 06:16:11.4457219,,,0,0,"$(@%systemroot%\system32\appidsvc.dll,-200)","$(@%systemroot%\system32\appidsvc.dll,-202)",D:(A;;FA;;;BA)(A;;FA;;;SY)(A;CI;FA;;;LS)(A;CI;FA;;;S-1-5-80-2078495744-2416903469-4072184685-3943858305-976987417),"$(@%systemroot%\system32\appidsvc.dll,-201)"
3,,{C68DEF50-9094-469B-8AE1-7B82DE1329FB},,\Microsoft\Windows\DiskDiagnostic\Microsoft-Windows-DiskDiagnosticDataCollector,2025-02-05 00:09:02.7182066,2025-03-09 06:28:11.6452852,2025-03-09 06:28:12.3651938,0,0,"$(@%SystemRoot%\System32\DFDTS.dll,-100)","$(@%SystemRoot%\System32\DFDTS.dll,-119)",D:(A;;GA;;;BA)(A;;GA;;;SY)(A;;FRFX;;;LS),"$(@%SystemRoot%\System32\DFDTS.dll,-101)"
3,,{C7261ACA-12F4-4801-B01F-BD4376FFB32E},,\Microsoft\Windows\DeviceDirectoryClient\RegisterUserDevice,2025-02-05 00:09:01.8275201,2025-03-09 11:55:30.0922488,2025-03-09 11:55:30.6231156,0,0,,,D:P(A;;FA;;;SY)(A;;FRFX;;;BA),
3,,{CBFEDF74-1A17-48F0-B37A-7ADAED0914CF},,\Microsoft\Windows\.NET Framework\.NET Framework NGEN v4.0.30319 64,2025-02-05 00:09:02.7336442,2025-03-10 01:39:49.9480390,2025-03-10 01:39:50.4495942,0,0,,,D:(A;OICI;FA;;;BA)(A;OICI;FA;;;SY)(A;OICI;GR;;;AU)(A;;FRFX;;;LS),
3,,{CC754107-B52C-48E5-8B29-01AD49F1647E},,\Microsoft\Windows\.NET Framework\.NET Framework NGEN v4.0.30319 64 Critical,2025-02-05 00:09:02.7336442,2025-03-09 06:17:17.8990156,2025-03-09 06:18:18.2638157,0,0,,,D:(A;OICI;FA;;;BA)(A;OICI;FA;;;SY)(A;OICI;GR;;;AU)(A;;FRFX;;;LS),
3,,{CCD6CDEA-7C64-4BFB-9EB2-5AF26DA04B37},,\Microsoft\Windows\Management\Provisioning\Cellular,2025-02-05 00:09:02.7336442,,,0,0,,,D:(A;;FA;;;BA)(A;;FA;;;SY),
3,,{CD2B4AA3-2DA2-48D6-B46F-2C01D51C17F6},,\Microsoft\Windows\RecoveryEnvironment\VerifyWinRE,2025-01-31 00:09:02.7492372,2025-02-20 07:09:53.8741745,2025-02-20 07:10:02.4696964,0,0,"$(@%SystemRoot%\system32\ReAgentTask.dll,-602)","$(@%SystemRoot%\system32\ReAgentTask.dll,-603)",D:P(A;;FA;;;BA)(A;;FA;;;SY)(A;;FR;;;AU)(A;;FRFX;;;LS),"$(@%SystemRoot%\system32\ReAgentTask.dll,-601)"
3,,{CDAF9C56-11EF-4B4C-A1B1-BF1701698DF8},,\Microsoft\Windows\CertificateServicesClient\UserTask,2025-02-05 00:09:01.8429177,2025-03-10 03:40:30.2740805,2025-03-10 03:40:30.4937427,0,0,"$(@%SystemRoot%\system32\dimsjob.dll,-100)","$(@%SystemRoot%\system32\dimsjob.dll,-102)",D:P(A;;FA;;;BA)(A;;FA;;;SY)(A;;FR;;;IU),"$(@%SystemRoot%\system32\dimsjob.dll,-101)"
3,,{CE486984-DC95-4C4A-9B22-3B4057686F0D},,\Microsoft\Windows\Shell\FamilySafetyMonitor,2025-02-05 00:09:02.7492372,,,0,0,"$(@%SystemRoot%\System32\wpcmon.exe,-32013)","$(@%SystemRoot%\System32\wpcmon.exe,-32015)",D:(A;;FA;;;BA)(A;;FA;;;SY)(A;;FRFX;;;BU),"$(@%SystemRoot%\System32\wpcmon.exe,-32014)"
3,,{CF83D93E-BA20-4111-9576-C96A14835C99},,\Microsoft\Windows\FileHistory\File History (maintenance mode),2025-02-03 00:09:02.7492372,2025-03-09 06:28:11.7230687,2025-03-09 06:28:12.3651938,0,0,"$(@%systemRoot%\system32\fhtask.dll,-200)","$(@%systemRoot%\system32\fhtask.dll,-202)",D:(A;OICI;FA;;;BA)(A;OICI;FA;;;SY)(A;OICI;FRFX;;;LS)(A;OICI;FRFX;;;AU),"$(@%systemRoot%\system32\fhtask.dll,-201)"
3,,{D05966FD-4423-4D67-926B-6A5F7BDA238F},,\Microsoft\Windows\WwanSvc\OobeDiscovery,2025-02-05 00:09:02.7492372,2025-03-09 11:40:30.1614881,2025-03-09 11:40:40.1701500,0,0,,,D:(A;;FA;;;BA)(A;;FA;;;SY),
3,,{D1871301-47D9-4F14-AC6B-B201181F1D14},,\Microsoft\Windows\Clip\License Validation,2025-02-05 00:09:01.6084913,,,0,0,"$(@%SystemRoot%\system32\ClipUp.exe,-102)","$(@%SystemRoot%\system32\ClipUp.exe,-101)",D:P(A;;FA;;;SY)(A;;FA;;;BA)(A;;GRGX;;;SU)(A;;FA;;;S-1-5-80-65843127-2189646064-2697706863-2125155322-3141006483)(A;;FR;;;S-1-5-87-1452649159-2109950929-2856838567-3638795029-1283063528),"$(@%SystemRoot%\system32\ClipUp.exe,-100)"
3,,{D19A2229-9E50-4B0E-9D92-049BB934BBA6},,\Microsoft\Windows\Time Synchronization\ForceSynchronizeTime,2025-02-05 00:09:02.7492372,2025-03-09 11:40:30.1939824,2025-03-09 11:40:31.7201939,0,0,"$(@%SystemRoot%\system32\TimeSyncTask.dll,-601)","$(@%SystemRoot%\system32\TimeSyncTask.dll,-602)",,"$(@%SystemRoot%\system32\TimeSyncTask.dll,-600)"
3,,{D1B42785-344A-4572-BD31-095E300AB644},,\Microsoft\Windows\SoftwareProtectionPlatform\SvcRestartTaskLogon,2025-02-05 00:09:01.8429177,2025-03-09 11:40:29.6153829,2025-03-09 11:40:30.6736152,0,0,"$(@%systemroot%\system32\sppc.dll,-200)","$(@%systemroot%\system32\sppc.dll,-202)",D:P(A;;FA;;;SY)(A;;FA;;;BA)(A;;FRFW;;;S-1-5-80-123231216-2592883651-3715271367-3753151631-4175906628)(A;;FR;;;S-1-5-4),"$(@%systemroot%\system32\sppc.dll,-200)"
3,,{D239B8F8-9073-46EE-9761-5CF380428C61},,\Microsoft\Windows\Application Experience\PcaWallpaperAppDetect,2025-03-09 06:16:04.7662991,,,0,0,Microsoft Corporation,Detect 3rd party wallpaper apps,D:(A;OICI;FA;;;BA)(A;OICI;FA;;;LA)(A;OICI;FA;;;SY)(A;OICI;FRFX;;;AU)(A;;FRFX;;;LS),Microsoft Corporation
3,,{D2539F71-9BEA-4D56-8FCD-A93FD3C2290F},,\Microsoft\Windows\WindowsUpdate\Refresh Group Policy Cache,2025-03-09 06:16:12.0399621,,,0,0,"$(@%systemRoot%\system32\updatepolicy.dll,-1000)","$(@%systemRoot%\system32\updatepolicy.dll,-1001)",D:P(A;;FA;;;SY)(A;;FRFX;;;LS)(A;;FRFX;;;BA),"$(@%systemRoot%\system32\updatepolicy.dll,-1000)"
3,,{D26A28E5-9E56-4221-91F3-9ACA2CBC3F87},,\Microsoft\Windows\Input\MouseSyncDataAvailable,2025-02-05 00:09:02.7647701,,,0,0,,,D:(A;;FA;;;AU)(A;;FA;;;BA)(A;;FA;;;SY),
3,,{D4B24E40-29B2-4C11-B099-A5C0CCD8556B},,\Microsoft\Windows\Location\WindowsActionDialog,2025-02-05 00:09:02.7647701,,,0,0,,"$(@%systemRoot%\System32\WindowsActionDialog.exe,-102)",D:(A;;FA;;;BA)(A;;FA;;;SY)(A;;FRFX;;;AU),
3,,{D4C384BC-F592-4A0C-9033-48BC421DFD8D},,\Microsoft\Windows\AppxDeploymentClient\UCPD velocity,2025-02-05 00:09:01.8429177,2025-03-10 01:39:46.1220906,2025-03-10 01:39:47.8634453,0,0,,,D:P(A;;FA;;;SY)(A;;FA;;;BA)(A;;GRGX;;;SU),
3,,{D55F099B-3763-4B18-9F78-B04FE5AFAA23},,\microsoft\windows\applicationdata\appuriverifierdaily,2025-02-05 00:09:02.7647701,2025-03-10 01:39:45.5591299,2025-03-10 01:39:47.8634453,0,0,"$(@%systemroot%\system32\AppHostRegistrationVerifier.exe,-10005)","$(@%systemroot%\system32\AppHostRegistrationVerifier.exe,-10002)",D:(A;;FA;;;SY)(A;;FRFX;;;BA)(A;;FRFX;;;AU)(A;;FRFX;;;IU),"$(@%systemroot%\system32\AppHostRegistrationVerifier.exe,-10004)"
3,,{D61BD1DD-BF28-45A8-9C95-85204916F70E},,\Microsoft\Windows\DirectX\DXGIAdapterCache,2025-02-05 00:09:01.6084913,2025-03-09 11:41:27.6991266,2025-03-09 11:41:27.7229788,0,0,,,D:(A;;FA;;;BA)(A;;FA;;;SY),
3,,{D664962D-5B5A-4F4D-8877-F3C4227A281F},,\Microsoft\Windows\EDP\EDP Inaccessible Credentials Task,2025-02-05 00:09:02.7809163,,,0,0,,,D:P(A;;FRFX;;;AU)(A;;FA;;;SY),
3,,{D6E8FA07-321A-430E-91BA-D47072E50C19},,\Microsoft\Windows\Flighting\FeatureConfig\ReconcileFeatures,2025-03-09 06:16:11.9461355,2025-03-10 03:40:33.4391418,2025-03-10 03:40:34.0292411,0,0,"$(@%systemroot%\system32\fcon.dll,-602)","$(@%systemroot%\system32\fcon.dll,-603)",D:P(A;;FA;;;SY)(A;;FA;;;BA)(A;;FRFX;;;AU),"$(@%systemroot%\system32\fcon.dll,-601)"
3,,{D833EFB8-B5D7-473B-9884-7F0628359350},,\Microsoft\Windows\Shell\IndexerAutomaticMaintenance,2025-02-05 00:09:02.7970981,2025-03-10 01:39:45.8092723,2025-03-10 01:39:47.9588057,0,0,"$(@%systemroot%\system32\srchadmin.dll,-1901)","$(@%systemroot%\system32\srchadmin.dll,-1902)",D:(A;;FA;;;SY)(A;;FA;;;LS)(A;;FR;;;BA),"$(@%systemroot%\system32\srchadmin.dll,-1901)"
3,,{D9983D3D-AF4E-45C5-A192-F18785A04E3A},,\Microsoft\Windows\DiskCleanup\SilentCleanup,2025-02-05 00:09:02.7970981,2025-03-10 02:51:19.3505306,2025-03-10 01:39:54.5780357,0,-2147020576,"$(@%systemroot%\system32\cleanmgr.exe,-1300)","$(@%systemroot%\system32\cleanmgr.exe,-1301)",D:AI(A;;FA;;;BA)(A;;FA;;;SY)(A;;FRFX;;;AU),"$(@%systemroot%\system32\cleanmgr.exe,-1300)"
3,,{DBD4DF58-41C5-41B6-87F2-0570DC25513F},,\microsoft\windows\capabilityaccessmanager\maintenancetasks,2025-02-05 00:09:02.8129937,2025-03-10 01:39:45.8403846,2025-03-10 01:39:47.8479297,0,0,"$(@%SystemRoot%\system32\CapabilityAccessManager.dll,-4)","$(@%SystemRoot%\system32\CapabilityAccessManager.dll,-5)",D:(A;;GA;;;SY)(A;;FRFX;;;LS)(A;;FA;;;BA),"$(@%SystemRoot%\system32\CapabilityAccessManager.dll,-3)"
3,,{DDD99011-81AC-438E-8AFF-EDFB93F9D8C7},,\Microsoft\Windows\SpacePort\SpaceAgentTask,2025-02-05 00:09:01.6084913,,,0,0,"$(@%SystemRoot%\system32\SpaceAgent.exe,-1)","$(@%SystemRoot%\system32\SpaceAgent.exe,-3)",D:(A;;FA;;;BA)(A;;FA;;;SY),"$(@%SystemRoot%\system32\SpaceAgent.exe,-2)"
3,,{E0F10DCF-44AD-40E8-9370-FB5DA59F93FB},,\Microsoft\Windows\UpdateOrchestrator\USO_UxBroker,2025-02-05 00:09:02.8129937,2025-03-10 02:53:17.5661466,,0,-2147024894,"$(@%systemRoot%\system32\usosvc.dll,-104)","$(@%systemRoot%\system32\usosvc.dll,-106)",D:P(A;;FA;;;SY)(A;;FRFX;;;LS)(A;;FRFX;;;BA),"$(@%systemRoot%\system32\usosvc.dll,-103)"
3,,{E144A629-B5F6-4AD0-AC37-BDBF20129A1C},,\Microsoft\Windows\Shell\UpdateUserPictureTask,2025-02-05 00:09:02.8285720,,,0,0,,,D:P(A;;FRFX;;;BA)(A;;FA;;;SY),
3,,{E3176A65-4E44-4ED3-AA73-3283660ACB9C},,\Microsoft\Windows\Windows Error Reporting\QueueReporting,2025-02-05 00:09:01.6242219,2025-03-10 01:35:20.3810242,2025-03-10 01:35:21.2889825,0,0,"$(@%SystemRoot%\system32\wer.dll,-292)","$(@%SystemRoot%\system32\wer.dll,-294)",D:(A;;FA;;;BA)(A;;FA;;;SY)(A;;FRFX;;;WD),"$(@%SystemRoot%\system32\wer.dll,-293)"
3,,{E4BFD560-AA57-4425-92CE-CB1F606E81F1},,\Microsoft\Windows\EDP\StorageCardEncryption Task,2025-02-05 00:09:02.8285720,,,0,0,,,D:P(A;;FRFX;;;AU)(A;;FA;;;SY),
3,,{E5EA38C2-BF7D-4FA4-9363-BB458F7F222C},,\MicrosoftEdgeUpdateTaskMachineCore,2025-02-05 00:09:14.4350577,2025-03-09 11:40:29.6313051,2025-03-09 06:29:23.3021123,0,0,,"Keeps your Microsoft software up to date. If this task is disabled or stopped, your Microsoft software will not be kept up to date, meaning security vulnerabilities that may arise cannot be fixed and features may not work. This task uninstalls itself when there is no Microsoft software using it.",,
3,,{E6AB4FB2-67BA-4583-B2B7-C52325DF9ABF},,\Microsoft\Windows\AppID\EDP Policy Manager,2025-02-05 00:09:02.8441385,,,0,0,"$(@%SystemRoot%\system32\ApplockerCsp.dll,-101)","$(@%SystemRoot%\system32\ApplockerCsp.dll,-102)",D:P(A;;FA;;;BA)(A;;FA;;;SY)(A;;FA;;;S-1-5-87-2978287140-3787137133-1749738600-1988163579-2060695581),"$(@%SystemRoot%\system32\ApplockerCsp.dll,-100)"
3,,{E6DB4742-7C9B-4069-8E83-980291D94AB9},,\Microsoft\Windows\Offline Files\Logon Synchronization,2025-02-05 00:09:01.8429177,,,0,0,"$(@%systemroot%\system32\cscui.dll,-5000)","$(@%systemroot%\system32\cscui.dll,-5002)",,"$(@%systemroot%\system32\cscui.dll,-5001)"
3,,{E7794222-3A17-4EB8-8229-28717285A80F},,\Microsoft\Windows\Flighting\OneSettings\RefreshCache,2025-03-09 06:16:11.4302377,2025-03-10 03:41:32.7447958,2025-03-10 03:41:33.5028675,0,0,"$(@%systemroot%\system32\wosc.dll,-602)","$(@%systemroot%\system32\wosc.dll,-603)",D:P(A;;FA;;;SY)(A;;FA;;;BA)(A;;FRFX;;;AU),"$(@%systemroot%\system32\wosc.dll,-601)"
3,,{E8EC9161-94CA-4B9E-9CC9-AA0C6D101FFF},,\Microsoft\Windows\WwanSvc\NotificationTask,2025-02-05 00:09:02.8441385,,,0,0,,"$(@%SystemRoot%\system32\wifitask.exe,-2)",D:(A;;FA;;;BA)(A;;FA;;;SY)(A;;FRFX;;;BU)(A;;FA;;;S-1-5-80-3981856537-581775623-1136376035-2066872258-409572886),"$(@%SystemRoot%\system32\wifitask.exe,-1)"
3,,{E9397371-D10E-4B52-9E0A-15405E6A437C},,\Microsoft\Windows\Windows Defender\Windows Defender Verification,2025-03-09 06:26:52.2319140,2025-03-09 06:27:11.4927756,2025-03-09 06:28:12.5214755,0,0,,Periodic verification task.,,
3,,{ED7855F7-43B3-4128-A7BE-BF01801AD0B1},,\Microsoft\Windows\Feedback\Siuf\DmClientOnScenarioDownload,2025-02-05 00:09:02.8600102,2025-03-10 01:35:32.1977936,2025-03-10 01:35:32.6865025,0,0,"$(@%systemRoot%\system32\dmclient.exe,-201)","$(@%systemRoot%\system32\dmclient.exe,-202)",,"$(@%systemRoot%\system32\dmclient.exe,-200)"
3,,{EE2A7214-396B-4365-9626-042EC2D5A211},,\Microsoft\Windows\Device Information\Device User,2025-02-05 00:09:01.8589561,2025-03-09 12:16:12.7900844,2025-03-09 12:16:12.8057037,0,0,,,D:(A;;GA;;;BA)(A;;GA;;;SY)(A;;FRFX;;;LS),
3,,{F02E346A-E8AC-481E-A38D-B53EBF8F1180},,\Microsoft\Windows\Offline Files\Background Synchronization,2025-02-05 00:09:02.8600102,,,0,0,"$(@%systemroot%\system32\cscui.dll,-5000)","$(@%systemroot%\system32\cscui.dll,-5003)",,"$(@%systemroot%\system32\cscui.dll,-5001)"
3,,{F107246E-0936-43A4-8901-C2C77064F26B},,\Microsoft\Windows\AppListBackup\BackupNonMaintenance,2025-02-05 00:09:02.8600102,2025-03-09 05:57:19.8692124,2025-03-09 05:57:40.2908344,0,0,"$(@%SystemRoot%\system32\AppListBackupLauncher.dll,-601)","$(@%SystemRoot%\system32\AppListBackupLauncher.dll,-602)",,"$(@%SystemRoot%\system32\AppListBackupLauncher.dll,-600)"
3,,{F1FD6142-E0A1-4321-82A1-9D7C71A40841},,\Microsoft\Windows\InstallService\WakeUpAndContinueUpdates,2025-03-09 06:16:11.7271323,,,0,0,,,D:(A;;FA;;;SY)(A;;FRFX;;;BA),
3,,{F3295912-27F8-4515-AF9B-1E1CC3E31E33},,\Microsoft\Windows\AppListBackup\Backup,2025-02-05 00:09:02.8600102,2025-03-10 01:39:46.0906118,2025-03-10 01:39:46.1527812,0,0,"$(@%SystemRoot%\system32\AppListBackupLauncher.dll,-601)","$(@%SystemRoot%\system32\AppListBackupLauncher.dll,-602)",,"$(@%SystemRoot%\system32\AppListBackupLauncher.dll,-600)"
3,,{F7778C5A-D073-4A3B-816B-B4A0C5D6245B},,\Microsoft\Windows\Sysmain\WsSwapAssessmentTask,2025-02-05 00:09:02.8754623,2025-03-09 09:41:50.6880736,2025-03-09 09:41:51.0076875,0,0,,"$(@%systemRoot%\System32\sysmain.dll,-3001)",D:(A;;FA;;;BA)(A;;FA;;;SY)(A;;FRFX;;;LS),"$(@%systemRoot%\System32\sysmain.dll,-3000)"
3,,{F7D94533-B9C2-4869-8866-0D3436873233},,\Microsoft\Windows\Shell\CreateObjectTask,2025-02-05 00:09:02.8754623,2025-03-09 05:53:57.9964816,,0,0,"$(@%SystemRoot%\system32\shell32.dll,-14349)","$(@%SystemRoot%\system32\shell32.dll,-14350)",D:(A;;FA;;;SY)(A;;FRFX;;;IU),"$(@%SystemRoot%\system32\shell32.dll,-14349)"
3,,{F8701795-0889-4E6F-9C01-DA5EB82A9139},,\Microsoft\Windows\Speech\SpeechModelDownloadTask,2025-02-05 00:09:02.8754623,2025-03-09 08:48:40.3582751,2025-03-09 08:48:40.6875971,0,0,,,D:P(A;;FA;;;SY)(A;;FA;;;BA)(A;;GA;;;NU),
3,,{F87BAE91-2470-40AB-9F94-A437578A5E4D},,\Microsoft\Windows\Application Experience\SdbinstMergeDbTask,2025-02-05 00:09:02.8754623,2025-03-09 11:40:30.6747132,2025-03-09 11:40:37.5319725,0,0,"$(@%SystemRoot%\system32\sdbinst.exe,-1061)","$(@%SystemRoot%\system32\sdbinst.exe,-1062)",D:PAI(A;;FRFX;;;BA)(A;;GA;;;SY)(A;;FR;;;BU)(A;;FR;;;LS),"$(@%SystemRoot%\system32\sdbinst.exe,-1061)"
3,,{F8B44A42-AFE6-43A2-B546-A0F458D7D908},,\Microsoft\Windows\Input\LocalUserSyncDataAvailable,2025-02-05 00:09:02.8754623,2025-02-04 08:26:27.2000274,,0,-2147023829,,,D:(A;;FA;;;AU)(A;;FA;;;BA)(A;;FA;;;SY),
3,,{F97DD845-7FED-47F5-969D-4676ED770554},,\Microsoft\Windows\Maintenance\WinSAT,2025-02-04 00:09:02.8911018,2025-03-09 09:40:25.4549075,2025-03-09 09:41:49.6651000,0,0,"$(@%systemroot%\system32\winsatapi.dll,-113)","$(@%systemroot%\system32\winsatapi.dll,-114)",D:(A;;GA;;;BA)(A;;GA;;;SY)(A;;FRFX;;;LS),"$(@%systemroot%\system32\winsatapi.dll,-112)"
3,,{FB0A4CBF-350F-4ABE-9BAF-51BCFE904377},,\Microsoft\Windows\PI\SecureBootEncodeUEFI,2025-03-09 06:16:11.5243668,2025-03-09 11:45:27.6971286,2025-03-09 11:45:27.7851947,0,0,,,D:P(A;;FA;;;BA)(A;;FA;;;SY)(A;;FR;;;AU)(A;;FRFX;;;LS),
3,,{FB49BEA1-5957-4647-BCFE-2B83CDA4D9F1},,\Microsoft\Windows\ApplicationData\CleanupTemporaryState,2025-02-05 00:09:02.8911018,2025-03-09 06:28:11.6452852,2025-03-09 06:28:12.6616678,0,0,"$(@%systemroot%\system32\Windows.Storage.ApplicationData.dll,-5001)","$(@%systemroot%\system32\Windows.Storage.ApplicationData.dll,-5003)",D:(A;;FRFX;;;BA)(A;;FA;;;SY),"$(@%systemroot%\system32\Windows.Storage.ApplicationData.dll,-5002)"
3,,{FC3A7F67-CD53-4FB9-895A-B1717A5B9674},,\Microsoft\Windows\UpdateOrchestrator\Schedule Work,2025-02-04 08:11:12.2636869,2025-03-09 09:28:03.4770691,2025-03-09 09:28:03.7271138,0,0,,,D:P(A;;FA;;;SY)(A;;FRFX;;;LS)(A;;FRFX;;;BA),
3,,{FC931F16-B50A-472E-B061-B6F79A71EF59},,\Microsoft\Windows\Customer Experience Improvement Program\Consolidator,2025-02-05 00:09:02.8911018,2025-03-10 01:35:14.8816555,2025-03-10 01:35:16.7455153,0,0,"$(@%systemRoot%\system32\wsqmcons.exe,-106)","$(@%systemRoot%\system32\wsqmcons.exe,-107)",D:(A;OICI;FA;;;BA)(A;OICI;FA;;;SY)(A;OICI;GRGX;;;AU),"$(@%systemRoot%\system32\wsqmcons.exe,-108)"
3,,{FE3DCB27-078C-412B-92EF-7D2217F0AEE5},,\Microsoft\Windows\Workplace Join\Device-Sync,2025-02-05 00:09:02.9068589,,,0,0,"$(@%SystemRoot%\system32\dsregtask.dll,-601)","$(@%SystemRoot%\system32\dsregtask.dll,-602)",D:AI(A;;FA;;;NS)(A;;GA;;;SY)(A;ID;FA;;;BA)(A;ID;GRGX;;;AU),"$(@%SystemRoot%\system32\dsregtask.dll,-600)"
3,,{FE478BF7-B323-4809-A1C0-0019EAAD3FB8},,\Microsoft\Windows\Storage Tiers Management\Storage Tiers Optimization,2025-02-05 00:09:02.9068589,,,0,0,"$(@%systemroot%\system32\TieringEngineService.exe,-601)","$(@%systemroot%\system32\TieringEngineService.exe,-603)",D:AI(A;;FA;;;BA)(A;;FA;;;SY)(A;;FRFX;;;LS)(A;;FR;;;AU),"$(@%systemroot%\system32\TieringEngineService.exe,-600)"
